url,position_name,salary,city,experience,education,job_dec
https://www.zhipin.com/job_detail/56b129e79df6db2a1XJ70ty9Flo~.html,Python,8K-16K,苏州,3-5年,本科,"后端研发工程师 ,千军易得一将难求，或将改变你我一生,技能要求:,1、熟练使用python， 熟练使用Django开发框架， 熟练使用MySQL、redist。 ,2、了解小程序， 了解js、jQuery。 ,3、熟悉docker,了解git。,4、 有接口安全开发经验。 了解项目部署。,岗位职责:,1、负责后台核心模块的架构设计和开发、单元测试、功能自测； ,2、负责项目架构的制定和优化，开拓和引入新的技术； ,3、负责项目后端业务逻辑开发，与技术团队交流协作； ,4、负责初、中级工程师的培养。 ,职位要求： ,1、本科及以上学历，计算机相关专业，基础知识扎实； ,2、聪明，学习能力强，有独立解决问题的能力； ,3、三年以上的系统软件架构经验，精通Python/Go/Java/C++ 任一语言，有完整软件项目开发、迭代和实施经验； ,4、良好的编程习惯，追求极致的代码品质，熟悉常用设计模式和一般项目的开发流程； ,5、开朗上进，积极沟通，善于团队协作。"
https://www.zhipin.com/job_detail/107985acda6bd39b1X150t20F1M~.html,Python开发苏州,8K-15K,苏州,3-5年,本科,"求熟悉任意一种数据库mysql/oracle/mongodb，对数据结构有一定理解  熟悉ruby、c、c++、tcl ,python  其中任何一种语言都可以，前期是脚本开发"
https://www.zhipin.com/job_detail/e4a5e0a1341bc8bb1XZ92t-7FVQ~.html,Python,9K-12K,苏州,3-5年,本科,"负责云平台管理软件开发，要求：,对云计算有一定了解或者对网管软件有一定了解优先,熟练使用java、java，tomcat，具备后台开发经验,熟悉redis，熟悉常见开发框架ssm,具有较强的学习能力和独立开展工作的能力"
https://www.zhipin.com/job_detail/9cfd8b78bf1c85ff1XN83dS0F1M~.html,python开发工程师,6K-12K,苏州,1-3年,大专,"岗位职责：,1、负责运维系统开发；,2、设计开发高可靠性系统架构和运维工具，提高运维工作效率。,任职要求：,1、具有2年以上互联网领域相关项目开发设计工作经验；,2、熟练掌握jquery或CSS、Javascript等Web页面技术, 熟悉bootstrap者优先；,3、熟悉Python, 熟悉Django框架；,4、熟悉Linux操作系统或自动化运维者优先。"
https://www.zhipin.com/job_detail/c49383102b7909fa1Xxz39i4Elo~.html,Python工程师,6K-9K,苏州,不限,本科,"1、Python分布式web爬虫开发，维护爬虫工作状态，断点重爬、续爬，攻克网站反爬虫机制，多维、深层次遍历抓取海量数据,2、设计合理数据仓库高效率存储爬取数据，爬下的数据或文本进行数据清洗、过滤关键数据、去除冗余数据"
https://www.zhipin.com/job_detail/4e89122aa93ceb951X1-2tW4ElE~.html,python开发,5K-10K,苏州,1-3年,本科,"岗位职责：,1、负责公司系统的功能开发；,2、负责公司项目数据抓取、分析；,3、参与产品接口设计规范的制定与优化管理。,岗位要求：,1、具有良好团队合作精神有高度的责任心，克服在工作中遇到的各种难题； ,2、至少熟悉Django，Flask，Tornado框架中的一种或多种，有 Django-REST-framework相关开发经验；,3、了解JavaScript，jquery，bootstrap，VUE.js等框架前端开发，有前后端分离项目架构经验者优先 ；,4、有丰富的数据库建模经验，有MySql/MongoDB/Redis使用经验者优先 ；,5、熟练使用代码版本管理工具git ； ,6、对Python其他方向新技术有浓厚的兴趣，并积极合理的将其引入项目。"
https://www.zhipin.com/job_detail/138a28f7355346b91XJz0tS_E1s~.html,Python开发工程师,10K-18K,苏州,3-5年,本科,"岗位职责： ,1、负责产品服务器端设计和代码实现 ；,2、优化现有产品的功能和体验细节 ；,3、积极调研新技术，随时准备用于产品 ；,岗位要求： ,1、具有良好团队合作精神，有高度的责任心，能在开发过程中把控代码质量 ；,2、3年以上Web服务器端开发经验， 2年以上python服务端开发经验，有做过saas平台，大并发经验优先 ；,3、有丰富的数据库建模经验，有MySQL、MongoDB、Redis使用经验者优先 ；,4、了解各种常见算法并能灵活运用 ；,5、了解 linux系统（CentOS）常规操作 ；,6、有系统优化或重构经验优先 ；,7、对行业新技术有浓厚的兴趣，并积极合理的将其引入项目； ,8、有自己的开源项目、或者对开源项目有贡献者优先 ；,9、有微服务架构设计与开发经验优先 ；"
https://www.zhipin.com/job_detail/2ca872d47f17bcbe1Xdz39W4FFY~.html,java/python开发工程师,8K-16K,苏州,3-5年,本科,"任职要求：,1.3年以上软件开发经验;,2.熟悉java或者python语言, 熟悉spring, spring mvc或者flask等框架,3.熟悉RESTful, 熟悉java或python技术栈下的RESTful应用开发,4.熟悉sql，了解MySQL, Oracle数据库，了解基本的sql优化，有sql调优经验者优先,5.了解并熟悉redis, rabbitmq, solr等组件在项目中的使用,6.了解常用的数据结构，算法及设计模式，具有良好的编程习惯，对OOD/OOP有自己的理解,7.熟练使用maven，git，idea等开发工具者优先，熟练使用linux, bash, shell者优先,8.善于学习和与人沟通，有较强的事业心和逻辑思维，具有独立分析、解决应用问题的能力"
https://www.zhipin.com/job_detail/7ff2ca64842c6b8d1Xx92tS4F1I~.html,python后端开发工程师,8K-12K,苏州,3-5年,本科,"岗位职责：,1、负责新产品的各个功能模块的开发，并且提供基于RESTful API接口；	,2、对代码质量负责，参与实现高质量、稳定的应用	；,3、维护已上线产品并可以根据新需求做迭代开发；	,4、完善系统日志，优化系统性能；	,5、编写核心代码以及相关文档说明	；,6、有责任心，有能力对需求进行正确客观的评估；	,7、具备良好的分析解决问题能力，能独立承担任务和有系统进度把控能力。	,岗位要求：,1、本科学历，2年以上互联网工作经验；,2、熟悉并熟练使用python语言，熟练使用Django框架；,3、了解HTML5、CSS3、JavaScript以及相关的前端工具；,4、熟悉MySQL数据库，了解Redis、MongoDB；,5、深刻理解数据结构和算法设计，有系统分析和设计实践经验。	,6、具有一定分析问题和解决问题的能力，学习能力强，优秀的职业素养和较强的沟通能力，自我驱动，独立有创造力。"
https://www.zhipin.com/job_detail/e5ef1eb5097f81620XN909i9GA~~.html,Python，教育应用软件开发工程师,13K-15K,苏州,3-5年,本科,"职位职责：,教育学习应用软件开发,职位要求：,1.精通python语言开发；,2.熟悉python web 开发框架，如Django、Flask、Tornado等；,3.掌握linux开发环境和shell脚本；,4.有分布式运算开发、机器学习相关经验者优先；,5.具有很好的代码编写能力和良好的代码编程习惯；,6.具备高度的责任感，良好的团队精神，能善于发现和解决问题；"
https://www.zhipin.com/job_detail/1a461d41bb391f351XV62du_ElU~.html,Python开发工程师,10K-20K,苏州,1-3年,本科,"岗位职责,1.负责Web后端服务的技术开发工作；,2.与Web前端工程师合作完成公司产品的整体Web端；,3.与后端工程师合作完成公司整套产品的实现；,任职资格,1.正规985院校本科以上学历，计算机相关专业；,2.至少1年以上Python开发经验，有Odoo开发经验优先；,3.精通Linux和服务器管理,4.理解数据库原理，熟练编写各种SQL语句，有数据库索引、性能优化经验；,5.熟悉前端技术，如HTML、CSS、JavaScript等优先；,6.具有独立完成工作的能力，同时重视团队协作，有学习能力和创新能力，追求极致性能。,薪资待遇,1、优厚薪资：底薪+五险一金+节假日福利+生日福利+年度旅游+绩效奖金+年终奖,2、完善假期：法定假期+双休+带薪假日+弹性工作制,3、丰富活动：员工聚餐+团队建设+旅游活动+优秀员工表彰+总经理特别奖表彰,4、培训课程：在职个人提升,5、晋升体系：广阔职业发展空间,6、工作环境：周边办公环境优美、食堂品类丰富、靠近地铁站"
https://www.zhipin.com/job_detail/683c65d7ab68a6471nB-29S_EVQ~.html,Python工程师,10K-18K,苏州,不限,大专,"岗位职责：,1、具有独立项目管理能力，熟悉研发及协作流程；,2、完成带领团队完成数据采集爬取、解析提取、清洗入库等数据生产工作；,3、设计和开发内部工具，帮助AI工程师加速工作；,4、良好的沟通协作技巧，能够involve其他人一起工作；,5、自主、独立设计、完成团队内部的工具、平台、创新技术产品。,任职要求：,1、大专以上学历，计算机相关专业；,2、精通Python；熟悉大数据存储和处理操作,3、熟悉 MySQL、Redis等后端组件的使用，了解基本的设计、优化原则；,4、熟悉 Linux 的使用和管理，了解操作系统相关知识；,5、熟悉 SVN、Jenkins、等持续集成和部署工具；,6、热衷性能分析与调优，积极使用新技术提升工作效率；,7、良好的团队合作精神与责任感，较好的沟通能力。"
https://www.zhipin.com/job_detail/480aea70631e16cd1n180tq5GVY~.html,Python工程师,8K-16K,苏州,不限,本科,"学习能力要强！,喜欢新技术喜欢，熟悉linux系统,熟悉Python各类基本库，具备一定C/C++编程基础，有良好的编程习惯,熟悉虚拟化技术、熟悉网络知识、有良好的操作系统基础,深入理解OpenStack核心组件,职位职责：,参与公司基于OpenStack的基础云平台项目的设计、开发、实施；,负责云平台中虚拟化、分布式存储、虚拟化网络等子项目的具体设计和研发；,负责基础云平台的基础技术运维和支持，根据项目需求二次定制平台功能；,参与云平台的实施，保障所负责子项目的设计合理性和系统可用性；,负责子项目的设计、开发、测试和运维等相关文档的编写。"
https://www.zhipin.com/job_detail/6f97f64c8cd13c261XV83dS9F1Q~.html,Python,15K-20K,苏州,5-10年,硕士,"职位描述：,      负责人脸识别深度学习算法的调研和研究，负责相关网络模型的优化工作。,职位要求：,1. 精通python，熟练掌握c/c++。,2. 熟悉至少一种深度学习框架，优先考虑tensorflow，其次caffe。对深度学习框架的底层实现有一定程度的了解。 ,3. 熟悉常见的人脸识别和目标检测网络模型：faster-rcnn，rfcn，ssd等，具有相关产品落地经验者优先。,4. 模式识别及相关专业硕士及以上学历。"
https://www.zhipin.com/job_detail/6e3e827357aedf661XV639u0F1E~.html,Python,10K-20K,苏州,3-5年,硕士,"有些路 一个人无法走远 总得有人并肩作战 这就是我们需要你的原因,     我们需要你:,1、负责产品服务器端设计和代码实现 ；,2、优化现有产品的功能和体验细节；,3、积极调研新技术，随时准备用于产品 。,    我们期待遇见这样的你:,1、具有良好团队合作精神，有高度的责任心；,2、3年以上Python Web开发经验，开发语言Python, 了解lua，熟悉Web系统全站开发流程 ；,3、有丰富的数据库建模经验，有MongoDB、Redis使用经验者优先 ；, 4、熟练使用代码版本管理工具，git 优先 ； , 5、对行业新技术有浓厚的兴趣，并积极合理的将其引入项目；, 6、有自己的开源项目、或者对开源项目有贡献者优先 。  ,在这里，你将拥有——    ,一群让你为之骄傲的小伙伴：    热情坚定、乐于分享、自我驱动、追求极致的高效团队    自由平等的潜力平台：    , 福利体系（这只是一部分）：   , 每周两次零食水果下午茶：随便吃，妈妈再也不用担心你长不胖    ,生日会：全体伙伴陪你过 不让你孤单    ,社团：花样运动...... 总有人与你志同道合   , 学习成长：Mentor带你全方位成长，助你成为专业人才 ,    欢迎你来发现更多的精彩......"
https://www.zhipin.com/job_detail/894d0680d47147df1X173t-8FlM~.html,Python数据开发工程师,7K-10K,苏州,1-3年,本科,"任职要求：,1、熟悉python的数据处理库工具；,2、至少一年python语言开发经验；,3、有良好的数理基础，有较强的学习意识，有一定的算法基础；,4、硕士优先考虑,工作职责：,对数据中心的数据进行数据处理和分析等"
https://www.zhipin.com/job_detail/a1ff3ae9ca2dbe011nJy09W0GQ~~.html,Python,8K-16K,苏州,1-3年,本科,"# 技能要求,- Python及常用库,- Javascript、PLV8,- Database：PostgreSQL、Oracle、SQL Server,- OpenResty、Lua,- Redis,# 业务领域,- 达索Apriso实施,- 码博MES开发及实施,- 码博设备监控系统开发及实施"
https://www.zhipin.com/job_detail/1c244c0461ed541e1XJ52tS4FlQ~.html,高级Python工程师,10K-20K,苏州,1-3年,本科,"职位描述：,岗位职责： ,1、负责产品服务器端设计和代码实现 ；,2、优化现有产品的功能和体验细节 ；,3、积极调研新技术，随时准备用于产品 ；,岗位要求： ,1、具有良好团队合作精神，有高度的责任心，能在开发过程中把控代码质量 ；,2、3年以上Web服务器端开发经验， 2年以上python服务端开发经验，有做过saas平台，大并发经验优先 ；,3、有丰富的数据库建模经验，有MySQL、MongoDB、Redis使用经验者优先 ；,4、了解各种常见算法并能灵活运用 ；,5、了解 linux系统（CentOS）常规操作 ；,6、有系统优化或重构经验优先 ；,7、对行业新技术有浓厚的兴趣，并积极合理的将其引入项目； ,8、有自己的开源项目、或者对开源项目有贡献者优先 ；,9、有微服务架构设计与开发经验优先 ；"
https://www.zhipin.com/job_detail/bc9026cd131747cb1XB_2ty6GVQ~.html,Python初级工程师,5K-8K,苏州,1-3年,本科,"岗位职责：,1、负责公司项目Python开发工作；,2、负责公司项目数据抓取、分析；,3、参与产品接口设计规范的制定与管理。,任职要求：,1、大专以上学历，计算机相关专业；,2、熟练掌握python编程；,3、熟悉python常用爬虫框架，熟悉数据爬取及反爬技术；,4、熟悉MySQL数据库；,5、了解常用python数据分析工具及方法，有数据分析经验者优先,可接受实习生。"
https://www.zhipin.com/job_detail/f9415ccc433ad9061XJ939i7EFc~.html,Python开发工程师,8K-12K,苏州,1-3年,本科,"岗位职责：,1.负责产品核心后端服务API Gateway的设计、开发、优化；,2.对外提供 SDK 和 API,  并且能提供Authentication, Rate limit等方案；,任职要求：,1. 具有良好的逻辑和理解能力，基本的沟通表达能力；,2. 2~3年Python经验，有Django、Flask等主流Web框架项目实际开发经验；,3. 熟悉MySQL等关系数据库和其他如MongoDB、Redis、Celery等的开发和优化；,4. 了解常见Linux环境（CentOS、Ubuntu等）下项目、代码的部署和运维；,5. 有自己的开源项目或技术博客、对开源项目有贡献等优先；,6. 有ReactJS、Vue等前端经验者优先。"
https://www.zhipin.com/job_detail/8a7a8b79b89d12551XZ-3968GFo~.html,Python,10K-20K,苏州,1-3年,本科,用python编写自动化测试系统软件，了解射频仪器者优先，熟练使用C语言者优先
https://www.zhipin.com/job_detail/df8af97bc0201fb41XR409y8Elo~.html,Python,10K-20K,苏州,1-3年,本科,有python大数据爬虫相关经验，数据处理
https://www.zhipin.com/job_detail/a34de66fa3816af81nJ42du4ElE~.html,Python,4K-8K,苏州,3-5年,本科,负责公司python组工作，日常抓取、数据处理、任务分配等
https://www.zhipin.com/job_detail/2a7fd70bf6280a601Xx739q8FlU~.html,python开发,5K-9K,苏州,1-3年,不限,"工作职责：,1、负责公司信息化平台建设、运维自动化平台及其组件的设计和开发；,2、负责优化、改进运维支持系统，并保证其安全高效稳定的运行；,3、参与运营平台、运维系统的需求分析、设计、编码；,4、负责开发、完善运维内部系统及辅助系统，提升运维质量及效率；,任职要求：,1.两年以上开发经验，具有设计，性能优化经验，良好的编码规范；,2.熟练掌握Python Web框架 如Django，Flask, Twisted，Tornado等；,3.熟练使用多线程、Socket编程，以及HTTP REST协议；,4.有自动化运维意识，多人开发及版本控制管理经验；,5. 熟悉网络虚拟化技术, 有OpenStack, VMWare构建虚拟化平台经验优先."
https://www.zhipin.com/job_detail/6ba41a2503c25d381XB52ty5E1M~.html,Python,10K-20K,苏州,5-10年,不限,"1、熟悉面向对象设计思想以及网站开发流程； ,2、精通Python语言，熟练使用Django框架；,3、精通对web和app端的api开发； ,4、精通各类加密算法，对安全维护有研究,5、熟悉MySQL，mangoDB等各类数据库；,6、熟悉服务器搭建、部署维护,7、全栈工程师优先；,任职要求：,1、分析产品需求，从技术角度对产品进行解读；,2、完成相关网站开发工作； ,3、对所开发的功能进行测试并撰写完善的开发文档； ,4、持续重构与维护网站功能。"
https://www.zhipin.com/job_detail/8f3a32a4c1c0fe931XJ-3N24GFU~.html,python开发工程师,12K-20K,苏州,3-5年,大专,"工作职责:,1. 负责信息安全相关系统开发，实现信息安全日常工作的自动化,2. 负责公司安全相关产品的功能模块的设计与开发,任职资格:,1.独立开发、解决问题能力,2.3年及以上python开发经验，有golang/lua开发经验者优先,3.熟练掌握Django, Flask，Celery等主流框架,4.熟练Mongodb，MySQL，Redis,5.熟练Linux日常工作环境，熟悉常用shell命令,6.对新技术有强烈的探索欲望，能够承受工作压力，有强烈的责任心,7.有jumpserver二次开发经验者优先"
https://www.zhipin.com/job_detail/4851c349f8a40eb01XV809W5FVA~.html,Python开发工程师,13K-18K,苏州,3-5年,大专,"Python开发工程师岗位职责：,1、开发公司的数据管理系统；,2、完成带领团队完成数据采集爬取、解析提取、清洗入库等数据生产工作；,3、研究网页特点和规律，对网页信息进行分类、抽取、数据清洗、存储结构等研发和优化工作。,岗位要求：,1. 熟悉 Linux 开发环境，熟练使用 Shell，使用git进行版本控制管理,2. 熟练使用 Python 进行抓取及格式化信息提取,3. 熟悉 高并发、高性能优化,4. 熟悉 网络协议,5. 熟悉 HTTP协议，熟悉 HTML，JavaScript，XPath,6. 熟悉django tornado flask 任一python开发框架，懂代码调试并能持续优化；,7. 熟练使用mysql，熟悉mysql的工作原理，有丰富的mysql性能优化经验；并有mongodb.redis等常用数据库的使用经验,8. 从事 Python 开发 2年及以上,9. 优良的代码注释习惯，并能编写有条理的开发文档。,10. 对新技术有强烈的探索欲望，能够承受工作压力，有强烈的责任心；对技术精进有要求，愿意学习大数据相关知识，并付诸实践"
https://www.zhipin.com/job_detail/700b74a2a54443e31nR909-6ElE~.html,Python初中级数据工程师,5K-10K,苏州,1-3年,本科,"岗位职责：,负责公司数据集成平台引擎的代码编写及实现；,负责公司数据分析平台的算法实现；,任职资格：,1、精通Python,熟悉python 多线程和多进程以及文件IO操作；,2、熟悉MySQL/MongoDB/Greeplum/Hive数据库;,3、熟悉PEP Python Database API，能够对数据库进行抽取写入操作;,4、有一定的数学功底，良好的英语阅读和理解能力;,5、熟悉Python Flask、Django web框架或PHP优先;"
https://www.zhipin.com/job_detail/2a167c15dfded51b1XZ63di-FVU~.html,python开发工程师,5K-10K,苏州,1-3年,不限,"1 有python和tornado或者Django相关项目的工作经验,2 熟悉全栈的优先，包括jquery，html5，NOSQL，Mongodb等,3 本公司的产品是面向制造业的管理系统，有实体企业工作经验的优先,4 未来会培养为主力研发工程师,5 工作地点在苏州，本地或本地定居的优先。如果地方比较远可考虑soho，弹性工作制。"
https://www.zhipin.com/job_detail/0441c7b2a35761a91Xx62tq0E1I~.html,Python运维开发工程师,8K-16K,苏州,1-3年,本科,"岗位职责：,1、负责游戏运维的工具系统开发和大数据分析的后台支持工作；,2、负责基础架构服务的上线部署、升级调试和优化工作；,3、协助开发人员进行系统测试、压力测试和参数调优等；,3、负责整改和优化现有的技术栈，自动化一切、code化一切，并参与到运维平台的开发建设中。,任职要求：,1、具有2年以上互联网领域相关项目开发设计工作经验；,2、熟悉Python/Django框架；,3、熟悉Linux操作系统或自动化工具saltstack/ansible。,加分项：,1、扎实的python基础，熟悉框架更佳；,2、对docker理解深刻，能够玩转热门的容器生命周期管理平台（k8s、swarm或rancher）；,3、赞同CI/CD的思想，并对发布流程、发布策略、分支管理等有自己的理解和看法；,4、自我驱动、持续改进。"
https://www.zhipin.com/job_detail/e667b232617da4691Xdz2ty8F1I~.html,Python开发工程师,8K-16K,苏州,1-3年,本科,"职位信息 ,1、熟悉 Linux 系统、 Python 和 shell 编程;负责web应用开发的技术工作。 ,2、了解 flask/django/tornado框架一种及以上。,3、熟悉关系型数据库（MySQL、PostgreSQL）的使用与基本设计优化方法。,4、有良好的团队合作精神，有责任感，沟通能力良好；良好的编码风格及测试习惯。 ,岗位要求： ,1、熟练 Flask、Django 框架，语言经验在两年或以上，基本功扎实，熟练使用标准库，如pandas，Numpy，matplotlib 等。 ,2、掌握数据分析工具和二次开发优先（Superset、 Jupyter notebook、Kylin等）。,3、具备Web应用系统设计与开发经验者优先。 ,4、使用Superset实现报表开发，对 Jupyter notebook数据源访问进行封装开发。"
https://www.zhipin.com/job_detail/ff371834c311425b0n152ty_Fw~~.html,Python服务端（游戏）开发工程师,8K-12K,苏州,1-3年,本科,"岗位职责：,1.根据策划需求负责游戏服务端功能开发与维护；,2.服务端系统架构的设计；,3.优化游戏服务器性能；,岗位要求：,1.专科或以上学历，计算机相关专业； ,2.熟悉Python语言，有1年以上的Python实际项目经验；,3.熟悉多线程、多进程、socket、数据库等相关技术；,4.掌握redis、MongoDB、Mysql等数据库开发及优化；,5.计算机操作系统及网络基础知识扎实，能够判断、处理常见的网络故障； ,6.良好技术文档归纳能力；能够阅读英文技术资料； ,7.有游戏服务端开发经验优先；"
https://www.zhipin.com/job_detail/70675a586ef1be281XB_2t-8FFY~.html,Python高级工程师,12K-20K,苏州,3-5年,本科,"岗位在苏州或北京,工作职责：,1. 具有独立项目管理能力，熟悉研发及协作流程；,2.完成带领团队完成数据采集爬取、解析提取、清洗入库等数据生产工作；,3. 设计和开发内部工具，帮助AI工程师加速工作；,4. 良好的沟通协作技巧，能够involve其他人一起工作；,5. 自主、独立设计、完成团队内部的工具、平台、创新技术产品。,任职要求：,1、精通Python；熟悉大数据存储和处理操作,2、熟悉 MySQL、Redis等后端组件的使用，了解基本的设计、优化原则；,3、熟悉 Linux 的使用和管理，了解操作系统相关知识；,4、熟悉 SVN、Jenkins、等持续集成和部署工具；,5、热衷性能分析与调优，积极使用新技术提升工作效率；,6、良好的团队合作精神与责任感，较好的沟通能力。"
https://www.zhipin.com/job_detail/5dce1d2011ee497f1Xx62928EFo~.html,Python,5K-6K,苏州,1-3年,大专,"1、负责运维系统开发；,2、设计开发高可靠性系统架构和运维工具，提高运维工作效率。,任职要求：,1、具有2年以上互联网领域相关项目开发设计工作经验；,2、熟练掌握jquery或CSS、Javascript等Web页面技术, 熟悉bootstrap者优先；,3、熟悉Python, 熟悉Django框架；,4、熟悉Linux操作系统或自动化运维者优先。"
https://www.zhipin.com/job_detail/0bd5ac844377a7331XZ829i7FVc~.html,Python后端工程师,8K-15K,苏州,1-3年,本科,"岗位职责：,1、负责新产品的各个功能模块的开发，并且提供基于RESTful API接口	,2、对代码质量负责，参与实现高质量、稳定的应用	,3、维护已上线产品并可以根据新需求做迭代开发	,4、完善系统日志，优化系统性能	,5、编写核心代码以及相关文档说明	,6、有责任心，有能力对需求进行正确客观的评估	,7、具备良好的分析解决问题能力，能独立承担任务和有系统进度把控能力	,岗位要求：,1、本科学历，2年以上互联网工作经验,2、熟悉并熟练使用python语言，熟练使用Django框架；了解HTML5、CSS3、JavaScript以及相关的前端工具；熟悉MySQL数据库，了解Redis、MongoDB；深刻理解数据结构和算法设计，有系统分析和设计实践经验。	,3、具有一定分析问题和解决问题的能力，学习能力强，优秀的职业素养和较强的沟通能力，自我驱动，独立有创造力"
https://www.zhipin.com/job_detail/ac753f17cabbd4081XN-0tW7EVc~.html,高级Python开发工程师,12K-24K,苏州,3-5年,本科,"岗位职责： ,1、负责产品服务器端设计和代码实现 ；,2、优化现有产品的功能和体验细节 ；,3、积极调研新技术，随时准备用于产品 ；,岗位要求： ,1、具有良好团队合作精神，有高度的责任心，能在开发过程中把控代码质量 ；,2、3年以上Web服务器端开发经验， 2年以上python服务端开发经验，有做过saas平台，大并发经验优先 ；,3、有丰富的数据库建模经验，有MySQL、MongoDB、Redis使用经验者优先 ；,4、了解各种常见算法并能灵活运用 ；,5、了解 linux系统（CentOS）常规操作 ；,6、有系统优化或重构经验优先 ；,7、对行业新技术有浓厚的兴趣，并积极合理的将其引入项目； ,8、有自己的开源项目、或者对开源项目有贡献者优先 ；,9、有微服务架构设计与开发经验优先 ；"
https://www.zhipin.com/job_detail/8efa8098fa21ba761XZ53Nm8F1E~.html,高级Python工程师,15K-30K,苏州,3-5年,不限,"职位描述,1、负责后台应用服务的架构设计、开发、优化工作。,2、负责后台大数据分析处理的架构设计，开发。,3、负责后台其他业务的开发；, ,职位要求,1、本科及以上学历，计算机相关专业，具有一定的后台服务架构、开发以及性能调优能力；,2、三年或以上Python语言后端开发经验，或前端开发经验；,3、精通TCP/IP协议相关知识，精通网络编程，精通HTTP等网络应用协议；,4、熟悉MySQL以及SQL语言，熟悉NoSQL存储；,5、有大数据平台开发或高性能网络系统方面相关工作经验优先；,6、有开源代码阅读和剖析经验优先；,7、具备良好的分析解决问题能力，能独立承担任务主动好学，责任心强；,8、有多种语言开发经验优先。"
https://www.zhipin.com/job_detail/f8f44583e86146851XN60t24GVU~.html,Python开发工程师,7K-14K,苏州,1-3年,本科,"1.	全日制大学本科及以上学历，计算机相关专业,2.	两年以上Python开发经验，熟练掌握Python3，对Python元编程有一定的理解和实践，有独立设计大规模数据处理和分析系统的经验和能力,3.	熟悉PostgreSQL、MySQL、Oracle等至少一种主流关系型数据库及Mongodb等NoSQL数据库，能够通过Python进行数据库数据处理，有大数据处理经验（使用过Spark等大数据工具）优先,4.	熟悉Linux工作环境，拥有编写shell脚本能力 ,5.	有参与和设计过优化存储软件系统经验佳,6.	有区块链行业背景佳,7.	善于学习和团队合作精神,岗位职责：,1.	负责公司智子云产品的相关软件开发，升级和维护,2.	参与公司Python技术栈的基础设施研发,3.	参与需求分析，交付设计文档，任务分解，估算开发工作量并按时交付,4.	根据设计文档编写代码、调试，测试和维护"
https://www.zhipin.com/job_detail/6cc349d5c928caa51Xd93tW-FFU~.html,Python开发工程师,5K-8K,苏州,1年以内,大专,"Python要求：,1. 计算机相关专业本科以上学历；,2. 熟悉Python，1年以上Python编程经验，愿意深入学习；,3. 熟悉Django开发框架；,4. 了解各种Web前端技术，包括HTML/CSS/JavaScript等；,5. 熟悉MySQL/数据建模，数据处理调优，熟悉Cassandra.Mongodb等NoSQL数据库更佳；,6. 熟悉Linux环境下的开发；,7. 熟悉常用的版本控制软件，如：SVU/GIT;,8. 工作认真，责任心强，能承受工资压力。"
https://www.zhipin.com/job_detail/5d1ab190cc400fe01nJ62NW4FlI~.html,Python开发工程师,7K-14K,苏州,1-3年,本科,"1）1年以上Python开发经验,2）熟练掌握面向对象思想及常用设计模式,3）熟悉至少一种流行的Python框架，比如： Django / Flask / Tornado / Requests / SQLAlchemy / Celery / Haystack 等,4）熟悉Linux操作系统,5）能独立完成功能模块的接口设计和开发工作,6）逻辑清晰，能面对挑战，有责任心，有优秀的沟通能力和团队合作精神,7）良好的编码风格及测试习惯,8）对新技术等极强的快速学习能力,9）有数据分析和挖掘经验者更佳,10）熟悉并掌握其他编程语言者更佳"
https://www.zhipin.com/job_detail/39773e239d75fd1f1nJ73du8FlY~.html,Python,8K-15K,苏州,1-3年,本科,"职位要求： ,1.计算机相关专业，本科及以上学历;,2.熟练掌握基本算法与数据结构;,3.具有优良的编码风格和习惯；,4.熟悉HTTP、TCP/IP协议，RESTful规范；,5.熟悉Linux开发环境, zsh/vim/git者优先；,6.良好的 Ruby或者Python/PHP语言基础及开发/重构能力优先；,7.具有良好的英语书面表达能力, 过6级者优先；,8.熟练使用 Ruby On Rails或Flask，Django, Laravel等主流开发框架者优先;,9.了解Postgresql、Mysql、Redis、Memcached等数据库及缓存的使用和基本原理者优先；"
https://www.zhipin.com/job_detail/cb8519bba40368ab1nN-2tq9GFA~.html,Python工程师,7K-14K,苏州,1-3年,本科,"职位描述,岗位职责：,1、负责产品web业务需求的开发；,2、负责对应项目模块的设计；,3、根据设计文档完成业务代码的编写和测试；,4、配置测试对业务功能进行验证,定位发现问题；,5、配合架构师完成平台层面的需求的开发和上线；,6、设计平台层面来支撑后台系统对稳定性和性能的要求。,岗位要求：,1、全日制本科（含）以上学历，计算机、软件工程等相关专业；,2、1年以上python开发经验，熟悉web开发的基本流程与框架；,3、熟练使用GNU/Linux，理解网络编程；,4、对网站调优和开发有一定认识；,5、对区块链领域有所了解的加分;,6、英文良好者加分;,7、有Clean Code追求的加分。"
https://www.zhipin.com/job_detail/48666bc61fb3b2931XB409W4FlU~.html,Python 自动化运维开发,5K-8K,苏州,不限,大专,"Python 自动化运维开发,工作职责：,1、负责公司信息化平台建设、运维自动化平台及其组件的设计和开发；,2、负责优化、改进运维支持系统，并保证其安全高效稳定的运行；,3、参与运营平台、运维系统的需求分析、设计、编码；,4、负责开发、完善运维内部系统及辅助系统，提升运维质量及效率；,任职要求：,1.两年以上开发经验，具有设计，性能优化经验，良好的编码规范；,2.熟练掌握Python Web框架 如Django，Flask, Twisted，Tornado等；,3.熟练使用多线程、Socket编程，以及HTTP REST协议；,4.有自动化运维意识，多人开发及版本控制管理经验；,5. 熟悉网络虚拟化技术, 有OpenStack, VMWare构建虚拟化平台经验优先."
https://www.zhipin.com/job_detail/1108623edf79de971XF43ti9E1o~.html,Python开发工程师,10K-15K,苏州,1-3年,大专,"工作职责：,1、参与公司产品开发，比如电商、供应链管理、ERP系统。,2、接口设计规范的制定与管理。,3、参与架构设计、积极调研新技术、并积极合理的将其引入产品。,任职资格：,1、独立开发、解决问题能力。,2、熟练掌握Python；熟悉常用 Web 框架如django或flask web框架；熟悉常用的api框架如REST framework。,3、熟悉 MySQL、Redis等后端组件的使用，了解基本的设计、优化原则。,4、熟悉 Linux 的使用和管理。,5、计算机专业，大专及以上学历，Python专职开发2年及以上。,6、具备良好的团队合作精神，高度的责任感，很好的沟通能力，对新技术有浓厚的兴趣。,优先考虑,1、丰富的电商、ERP项目开发经验优先。,2、有爬虫开发经验者优先。,3、具备前端开发能力，了解 HTML / CSS / JavaScript优先。,4、热爱开源，敏捷优先。"
https://www.zhipin.com/job_detail/6294b2d8f47c1fcf1Xd53ty_FFM~.html,Python软件开发工程师,12K-15K,苏州,3-5年,本科,"职位描述:,1、负责公司产品多平台后端开发工作，主要编程语言是 Python ；,2、参与产品设计，与前端和移动端工程师一同探讨技术方案；,3、参与架构设计，与平台工程师合作优化新旧服务的性能和稳定性。,职位要求:,1、扎实的计算机基础知识，了解常用数据结构和算法；,2、熟练掌握Python；熟悉常用 Web 框架如django；熟悉常用的api框架如REST framework;,3、熟悉 MySQL、Redis等后端组件的使用，了解基本的设计、优化原则；,4、熟悉 Linux 的使用和管理，了解操作系统相关知识；,5、熟悉 Git、Jenkins、等持续集成和部署工具；,6、热衷性能分析与调优，积极使用新技术提升工作效率；,7、良好的团队合作精神与责任感，较好的沟通能力。  ,优先条件:,1、对开源软件、敏捷开发方法有特别兴趣，开源社区贡献者；,2、具备前端开发能力，了解 HTML / CSS / JavaScript；,3、乐于分享，各类流行互联网服务的热心参与和内容贡献者。"
https://www.zhipin.com/job_detail/8ce1d9728c5bf4be1Xd73NW_EFE~.html,python后端开发,8K-12K,苏州,1-3年,大专,"职位描述,1、负责新产品的各个功能模块的开发，并且提供基于RESTful API接口	,2、对代码质量负责，参与实现高质量、稳定的应用	,3、维护已上线产品并可以根据新需求做迭代开发	,4、完善系统日志，优化系统性能	,5、编写核心代码以及相关文档说明	,6、有责任心，有能力对需求进行正确客观的评估	,7、具备良好的分析解决问题能力，能独立承担任务和有系统进度把控能力	,岗位要求：,1、大专及以上学历，2年以上互联网工作经验,2、熟悉并熟练使用python语言，熟练使用tornado框架；,3、了解HTML5、CSS3、JavaScript以及相关的前端工具；,4、熟悉MySQL数据库，了解Redis；,5、深刻理解数据结构和算法设计，有系统分析和设计实践经验。,6、具有一定分析问题和解决问题的能力，学习能力强，优秀的职业素养和较强的沟通能力，自我驱动，独立有创造力,欢迎大家积极投递！！！"
https://www.zhipin.com/job_detail/bc6697c155e99d651n183t29EFo~.html,python爬虫工程师,10K-20K,苏州,3-5年,本科,"岗位职责：,负责爬虫平台的研发及维护,任职要求：,1、有二年以上Python开发经验,2、精通Python，掌握爬虫技术，熟悉Python主流类库使用,3、熟悉Scrapy、pyspider、Selenium、PhantomJS等框架（深入了解其中一种）,4、熟悉基于正则表达式、XPath、CssSelector等网页信息解析技术,5、熟悉MySQL,Redis，MongoDB等数据库（深入了解其中一种）,6、熟悉Http协议，了解TCP/IP协议，熟悉Linux系统,7、熟悉应用IP池、Headers认证和Cookie等,8、有分布式爬虫、反爬机制经验者优先"
https://www.zhipin.com/job_detail/df6655331473953f1Xd63N2_E1E~.html,Python开发,8K-15K,苏州,1-3年,本科,"岗位职责：,1、负责项目的开发规划、架构设计、编码实现相关工作；,2、撰写技术实现方案，参与技术调研与选型；,3、基于python对数据进行处理分析,任职要求：,1、2年以上python开发经验，计算机基础知识扎实；,2、熟悉Python面向对象的开发与设计；,3、熟悉Python并发程序的开发与设计,熟悉多进程、多线程的开发；,4、熟悉python web开发，熟练使用Django、celery等框架；,5、熟悉链表、树、图等基本数据结构；,6、具备良好的编码习惯及开发文档书写习惯；,7、熟悉Postgres/Mysql等，具有nosql据库开发经验者优先；,8、熟悉elasticsearc开发经验者优先；,9、熟悉安全开发人员优先考虑"
https://www.zhipin.com/job_detail/29820bff7f618aad1nJ_3tq0FFc~.html,Python,10K-11K,苏州,1-3年,本科,"工作职责：,1、 负责人工智能相关产品的研发，包括：神经网络技术平台的架构、方案设计、应用与实现；,3、 负责对市场同类产品进行分析研究；,4、 关注业界前沿信息，研究神经网络/人工智能发展方向，探索和创新相关技术并应用于产品改进。, ,任职资格：,1、 计算机、自动化、数学等相关专业全日制本科以上学历，相关领域两年以上工作经验；,2、 对人工智能领域有强烈的兴趣，熟悉深度神经网络的原理及各种模型，如：卷积神经网络，递归神经网络等；,3、 有以下领域项目经验者优先：机器学习/机器视觉/图像识别/语音识别/自然语言处理等；,4、 熟悉以下深度学习开发平台者优先：TensorFlow、Torth、Caffe、Theano 、OpenAI；,5、 熟练掌握一种以上开发语言：C/C++、python、Java、C#、go、matlab、opencv；,6、 熟悉Linux/Unix平台；,7、 具有很强的学习能力和技术钻研精神；,8、 对软件开发流程有如agile、scrum等有一定了解。, ,工作地址：,苏州"
https://www.zhipin.com/job_detail/6b3cd153395e1a4b1nN-3tq5FVc~.html,Python技术方向讲师、研究员,7K-8K,苏州,3-5年,大专,"岗位职责： ,1、依照教学规范和教学大纲，开展教学活动；,2、参与各种备课活动，并根据教学实际情况修正教学内容,3、追踪相关技术发展，进行有关技术研究,4、服从研究院关于教学的其他管理规定。  ,任职要求：, 1、具有大学本科及以上学历, 2、精通Python/HTML/CSS/JavaScript； 熟悉数据库操作和WEB开发框架,3、良好的文字和语言表达能力、沟通能力  ,4、普通话良好,5、具有较强的自学能力和研究能力"
https://www.zhipin.com/job_detail/f53e28073276464d1Xxz09S-FVI~.html,ruby开发,7K-14K,苏州,1-3年,本科,技能需要：了解数据通信网络知识、有编程经验（有过其中某一语言或者多语言编程经验：ruby、python、c、c++）
https://www.zhipin.com/job_detail/26dfe0829644533a1Xx50tu9EVQ~.html,电子工程师,5K-10K,苏州,1年以内,本科,机械臂 机械方式 机器人等电子技术
https://www.zhipin.com/job_detail/ab3649a10bd1b1631XZ839y6FFM~.html,安全系统开发工程师,10K-20K,苏州,1-3年,本科,"岗位职责：,开发和维护集群沙箱系统；,开发运维自动化工具。,任职资格：,熟练掌握Python语言，两年以上Python语言开发经验；,熟练掌握bash；,有集群系统开发或运维工作经验者优先；,有沙箱系统开发经验者优先；,大学本科及以上学历。"
https://www.zhipin.com/job_detail/bb745ec0c4b60a211X1429W_EFo~.html,测试开发工程师（开放平台）,12K-24K,苏州,3-5年,本科,"基本要求：,- 熟悉Python, Go, Java，JavaScript等一门编程语言（Python尤佳）,- 在接口测试、Web、移动端至少一个领域有自动化测试经验,- 熟练使用Linux操作系统，具有基本的Shell脚本编写能力,- 有良好的团队合作精神，有责任感，有较好的沟通能力，主动性强,加分项：,- 对开源技术有强烈的兴趣和爱好,- 有Docker使用经验,- 熟悉Kafka的特性,- 有支付宝、微信、银联、网联等三方支付接口对接经验,工作内容:,- 根据产品PRD编写测试计划、测试用例等,- 负责产品项目测试，包括自动化测试、性能测试等,- 根据产品、项目特点，提出合理的自动化测试解决方案"
https://www.zhipin.com/job_detail/c510e83f925f3d0d1XB52dq0ElI~.html,资深系统工程师 Senior Systems Engineer,10K-20K,苏州,3-5年,本科,"Responsibilities:,· Lead tooling design to implementation and iterate on feedback,· Automate development cycle processes, from continuous integration to deployment,· Design and implement internal configuration and deployment tools,· Evaluate third-party technologies for adoption by the development team,· Demonstrate core competency of industry software development best practices,Skills and Experience:,· Proficiency in Bash and Python (3+ years),· Great interpersonal skills: capable of collaborating and brainstorming with technical staff and management to create an overall collaborative working relationship,· Fluency with distributed source code management tools,· Debugging, profiling, idioms and best practices for JVM languages,· Automation via shell scripting,· Understanding of microservices,· Java, Scala, and Groovy experience a plus,Interests:,· Infrastructure-as-a-service technologies, such as EC2 or equivalent,· Solid understanding of building and leveraging AWS services (IAM, CloudFormation, CloudWatch ECS/ECR experience a plus),· Docker, Kubernetes experience a plus,Arena Solutions is looking for a Senior Systems Engineer to become a core member of the technical operations team. We will depend on you to continually improve how we provide secure, reliable, distributed infrastructure to our customers and to our software engineering team.,Our customers are discrete manufacturers who put our applications, infrastructure, and reputation at the heart of their business. We believe the best way to meet our customers’ needs is to continually iterate on our automation tooling, with a focus on streamlining our development and deployment processes.,You are a self-identified generalist who is experienced with JVM-based technologies. You are fluent in both software development and systems administration concepts and explain each clearly. You understand the technologies that drive modern multi-tenant Software-as-a-Service companies and have strong opinions on how to build scalable software and infrastructure. You understand how to build a continuous integration/continuous delivery pipeline from scratch.,You demonstrate leadership by challenging assumptions, highlighting ambiguity, and proposing coherent solutions to complicated problems. You are looking for a collaborative, social position where you will work directly with the technical operations, software development, and quality assurance teams.,Salary is negotiable"
https://www.zhipin.com/job_detail/bda68d0be0231aeb1nB829-6FFE~.html,架构师,10K-20K,苏州,5-10年,本科,"至少熟练掌握 Jquery, React, AngularJs 其中一个框架。,具有Nodejs, Python经验更佳"
https://www.zhipin.com/job_detail/252a2c85bb4226d81XJ-3t27EFM~.html,Senior Automation Test Engineer,1K-2K,苏州,3-5年,本科,"薪资面议，请忽略上面的薪资范围！！！,Contact person: ***** (无法接收163邮箱的邮件）,Responsibilities:,-Design and develop highly automated stress test workloads in popular programming languages, such as Java, Perl, Python, Shell, and PL/SQL etc.,-Execute test suites to discover performance and stability problems in the products,-Collaborate with development teams to resolve the problems encountered in the tests,-Develop automation tools for system testing,Requirements:,-BS/MS in CS from top school or equivalent experience,-Knowledge of Oracle database administration and PLSQL is a must,-Familiarity with Unix/Linux platforms,-Self-motivated with strong ability to learn quickly and work independently,-System performance analysis skill and experience is a big plus,-Experience with Oracle Exadata is a big plus,-Workable verbal and written communication skills"
https://www.zhipin.com/job_detail/72bc472ee23b092a1nN_3Nq-FFY~.html,技术合伙人,15K-30K,苏州,3-5年,本科,"迭代系统架构，爬虫熟练，,全栈 php python,十人技术团队组建和管理经验,开放，学习能力强，解决问题能力强"
https://www.zhipin.com/job_detail/88f661ae2783c74c1XZ-3tW5EFE~.html,全栈工程师（Python）,25K-35K,苏州,5-10年,不限,"1）负责研发相关业务、产品和服务的Web前端应用开发，和服务的后端开发和维护,实现符合HTML5标准的、高性能的Web应用；,   2）根据任务需要，实现高性能的前端人机交互界面、动画、特效等；,   3）负责产品后端架构的设计、实现、改进和优化，确保后端服务稳定、可靠、高效；,   4）参与前后端前沿技术的探索。,   任职要求：,   1）计算机基础知识扎实，对数据结构及算法有较好的掌握；,   2）三年或以上Python语言后端开发经验，或前端开发经验；,   3）熟悉常用的数据库系统、对象存储系统、内存缓存系统、分布式文件系统等；,   4）精通HTML5、CSS3、JavaScript；,   5）熟悉Node.js开发和部署，或至少熟悉一门其他的常用后端开发语言；,   6）有React、AngularJS、Bootstrap等前端工具、框架、模板的使用经验者优先；,   7）有一定的系统设计能力，有优秀的解决问题的能力，有很强的学习能力。"
https://www.zhipin.com/job_detail/5a08959157944ebd1Xx93tq7E1s~.html,大数据开发工程师-资深,20K-30K,苏州,3-5年,本科,"负责大数据部门的数据采集与爬取、解析处理、入库及备份等数据日常工作；,    负责分析新的数据需求, 完成数据处理的设计(文档)和实现；,    负责数据质量的监控, 根据实际情况设计方案并实现数据质量的提高；,    负责数据处理程序设计框架改善, 数据处理性能优化, 系统数据处理的能力提高；,    负责和数据架构师协同工作, 完成架构升级更新；,职位要求：,    本科及以上学历, 计算机软件及相关专业；,    三年以上大数据处理相关工作经验；,    熟练掌握java或者python编程, 熟悉/了解shell或者其他etl框架；,    熟悉数据库, 对数据处理和数据质量有较深认识, 有NoSQL数据库数据处理和数据处理性能优化经验；,    熟悉Linux系统及基本操作；,    有网络爬虫相关经验者优先考虑；,    有责任心, 学习能力强, 工作积极主动, 思路清晰，擅长沟通；,    有团队合作精神有良好的英文沟通能力者，优先考虑。,    了解AWS相关技术，优先考虑"
https://www.zhipin.com/job_detail/4bc3bbcb5a6b2b681n1y2NS6FFc~.html,Java开发工程师,8K-16K,苏州,不限,本科,"岗位职责：,saas系统的设计、开发,解决线上系统问题，线上服务的整合与重构,能力要求：,人靠谱，有责任心和团队协作精神,对技术有热情，学习能力强，在某个技术领域有自己的见解,有代码洁癖,技术要求：,具有扎实的Java基础，逻辑思维缜密；,熟练使用RPC框架，具备相关的分布式开发经验；,具备TCP方面的网络编程经验；,具备WEB方面的开发经验；,熟练使用Mybatis，SpringMVC，SpringCloud等框架。"
https://www.zhipin.com/job_detail/71d27aabaef2fc821ndy2N25F1Y~.html,自然语言处理,10K-20K,苏州,1-3年,本科,对机器人行业感兴趣，热爱学习，能长期专注一个行业．
https://www.zhipin.com/job_detail/2f7c55a25ef63e151nJy2N68E1s~.html,测试开发,10K-20K,苏州,3-5年,本科,"基本要求：,熟悉Python, Go, Java，JavaScript等一门编程语言（Python尤佳）,在接口测试、Web、移动端至少一个领域有自动化测试经验,熟练使用Linux操作系统，具有基本的Shell脚本编写能力,有良好的团队合作精神，有责任感，有较好的沟通能力，主动性强,加分项：,有移动支付测试经验,对开源技术有强烈的兴趣和爱好,有Docker使用经验,工作内容:,根据产品PRD编写测试计划、测试用例等,负责产品项目测试，包括自动化测试、性能测试等,根据产品、项目特点，提出合理的自动化测试解决方案"
https://www.zhipin.com/job_detail/51e6b079971a8a141XZ70tm1FFI~.html,开发运维工程师,10K-20K,苏州,1-3年,本科,"职位描述,负责系统和计算基础设施的搭建和维护,负责系统和计算基础设施的监控、问题排查和故障处理,负责设计、实现和优化内部容器平台,负责设计、实现和优化内部部署工作流,与其他技术团队成员紧密沟通合作，共同完成项目,职位要求,熟练使用 Go、Python、Perl、Shell其中一种脚本语言,熟练掌握 Docker,kubernetes框架,具备使用 Amazon Web Services / Aliyun 等云平台的经验,具备使用 Terraform / Ansible / Chef / Puppet 等运维自动化工具的经验,扎实的计算机科学基础知识，熟悉操作系统，数据库、常见数据结构和算法，以及软件设计实践,熟练的英语读写能力,快速学习成长，能迅速适应创业节奏和团队氛围,加分项,具备丰富的容器平台构建和维护经验,设计并实现过开源的 DevOps工具，或给大型开源项目贡献过代码,优秀的代码设计能力,优秀的英语交流能力"
https://www.zhipin.com/job_detail/cbfc9ddf30a233641nN-2tq6Elo~.html,Python高级工程师,10K-20K,苏州,3-5年,本科,"岗位职责：,1、根据公司发展战略，制定具有前瞻性的技术发展规划和产品研发目标；,2、负责公司技术开发体系建设与技术管理，标准、流程、文档的建立与完善；,3、负责公司网站、移动互联网项目及其他IT需求的总体规划，对系统分析、软件实现、性能优化、数据库架构等全面负责；,4、负责技术团队建设，保证技术团队的战斗力与迅速壮大；,5、负责解决网站项目中的技术难题，精通相关WEB开发技术，了解搜索、网络安全、系统备份等技术；,6、负责协调与公司其他部门的工作，在技术上帮助实现市场调研、数据挖掘、数据整合等相关业务，并能够对业务部门在技术上给与配合和支持。,岗位要求：,1、全日制本科（含）以上学历，计算机、软件工程等相关专业；,2、3年以上python开发经验，熟悉web开发的流程与常见框架；,3、熟练使用GNU/Linux，理解网络编程；,4、对网站调优与安全有较强认知；,5、对数据收集与数据处理有较强认知；,6、对区块链领域有所了解的加分。"
https://www.zhipin.com/job_detail/f202f4346942db761nF40961EFU~.html,算法工程师,7K-14K,苏州,不限,本科,图像识别，跟踪算法工程师
https://www.zhipin.com/job_detail/d3ae9b831f4e1bec1XB439q9FlU~.html,Java,4K-8K,苏州,1年以内,本科,主要负责公司开发的管理软件优化，技能要求：mysql，ui，tomcat，linux，ssh，sip传输协议，有过通信软件开发经验优先！学习能力强，能快速接受研发大牛传授的技能！
https://www.zhipin.com/job_detail/de5710f6fb60a1421nN73dS-GVE~.html,数据分析师,8K-12K,苏州,不限,本科,"专业及学历：计算机相关专业，或具有一定编程能力的其他工科专业，本科及以上学历。,专业技能：,至少掌握SQL、Python、JAVA三种编程语言中的两种。,至少熟悉一种数据库应用软件（如ORACLE）。,独立开发过APP、网页应用等实用性软件者优先考虑。,重要提示：,个人简历及相关材料应包括但不限于以下内容：,（1）出生年月、性别、籍贯、当前所在地、学历学位、手机、邮箱、婚恋育情况,（2）教育经历（从高中起）、受培训经历（从大一起）、实习经历（大学一年级起）、工作经历（从第一份工作起），实习经历和工作经历必须分开描述,（3）大学期间的主要课程、成绩排名并附成绩单、获得奖项并附扫描件、参加相关竞赛情况并附奖状和参赛作品原文件,（4）工作期间的主要工作内容，工作基本流程，参与的角色，掌握的软件，学会的技能等，并附送不少于2个和工作相关的工作成果、网站资料、程序代码等。,（5）学历、学位、论文、专利、职业资格证书等请提供电子版和扫描件。"
https://www.zhipin.com/job_detail/f67ff01f3be8cae11XR709m7FVM~.html,平台测试工程师,10K-20K,苏州,1-3年,本科,"工作职责：,负责硬件平台相关测试工作，保证硬件平台的可靠交付；,负责硬件平台产品测试执行；,培养初级测试人员，提升测试团队的整体能力。,任职资格：,正规本科，通信、计算机、自动化、软件工程相关专业,2年及以上相关业务测试经验；,熟悉TCP/IP协议簇，具备一定的网络和数据通信知识；,对硬件平台、网络安全、攻击防护等方面的测试有一定的了解；,具备编程开发或脚本语言编程基础，熟悉Python、C/C++、Java、JS任意一种或多种语言；,熟悉IXIA，avalanche测试仪使用有硬件知识积累优先考虑；,工作积极主动，适应和抗压能力强，能及时完成所负责的工作；,逻辑思维能力强，具有良好的团队协作精神，具备良好的沟通能力和技巧。"
https://www.zhipin.com/job_detail/b85bb217a2b5f5d81Xd82ty-E1A~.html,配置管理开发工程师,10K-20K,苏州,1-3年,本科,"职位描述：,负责公司配置管理系统的架构设计和开发工作；,任职资格：,大学本科或以上学历，计算机、通信类等相关专业；,1年以上开发经验，有相关项目开发经验优先；,精通HTML，CSS、JavaScript，熟悉jQuery等流行框架；,精通PHP、Perl、Python等至少一种后台编程语言；,精通数据库相关知识，熟练掌握MySQL数据库配置、SQL优化等；,精通Linux操作系统，熟悉Linux系统各种常用操作及命令，熟练使用SVN者优先；,了解主流浏览器的工作原理，熟练使用调php试工具；,熟悉Makefile；,熟悉使用Jenkins持续集成软件；,具备良好的团队合作精神及沟通能力。上进心强，积极主动。"
https://www.zhipin.com/job_detail/6ec04062dc62e0f81Xx93tq-EFs~.html,大数据工程师,15K-25K,苏州,3-5年,本科,"负责大数据部门的数据采集与爬取、解析处理、入库及备份等数据日常工作；,    负责分析新的数据需求, 完成数据处理的设计(文档)和实现；,    负责数据质量的监控, 根据实际情况设计方案并实现数据质量的提高；,    负责数据处理程序设计框架改善, 数据处理性能优化, 系统数据处理的能力提高；,    负责和数据架构师协同工作, 完成架构升级更新；,职位要求：,    本科及以上学历, 计算机软件及相关专业；,    三年以上大数据处理相关工作经验；,    熟练掌握java或者python编程, 熟悉/了解shell或者其他etl框架；,    熟悉数据库, 对数据处理和数据质量有较深认识, 有NoSQL数据库数据处理和数据处理性能优化经验；,    熟悉Linux系统及基本操作；,    有网络爬虫相关经验者优先考虑；,    有责任心, 学习能力强, 工作积极主动, 思路清晰，擅长沟通；,    有团队合作精神有良好的英文沟通能力者，优先考虑。,    了解AWS相关技术，优先考虑"
https://www.zhipin.com/job_detail/82e75a0b902239ba1n1_2NS_GFM~.html,高级爬虫工程师,12K-20K,苏州,3-5年,本科,"职位描述,爬去取用户消费习惯信息,爬取用户消费场景,爬取供应商价格相关信息,爬取分析报告,优化爬取效率,数据清洗,数据分析,岗位要求,爬虫经验丰富,热爱爬虫技术挑战,对实时爬虫的效率有研究,渴望挑战极限,机会,与人工智能团队一起分析数据，让爬取的信息产生价值,扁平化管理，股权激励，未来的独角兽创始成员"
url,position_name,salary,city,experience,education,job_dec
https://www.zhipin.com/job_detail/704fab55581d13571X152dS-F1U~.html,Python,15K-20K,北京,5-10年,本科,"驻场到西二旗附近银行工作,熟练使用主流Python框架,有良好的Python开发基础与良好代码习惯,具备良好沟通表达能力和团队协作能力,有带团经验优先"
https://www.zhipin.com/job_detail/e167e3876f366f120Hd_3Ny4Fw~~.html,Python,5K-9K,徐州,1-3年,不限,"欢迎技术老鸟来聊聊！闲聊闲聊！, 主要pc端软件研发"
https://www.zhipin.com/job_detail/b0751234be6599cd1XJ62t-4GVA~.html,Python,6K-8K,南昌,1-3年,大专,"工作内容,负责公司软件项目的架构设计和开发，以及现有项目的维护。   ,基本要求  ,1. 精通py编程,2. 了解常用的前端框架如：Vue.js ,3. 有项目经验，并且熟悉web开发完整流程以及前后端完全分离架构 ,4. 了解移动开发和前端自动化 ,5. 熟练使用Linux，有服务器端部署经验 ,6. 熟练使用MongoDB、MySQL、Redis、Nginx等 ,7. 熟练使用git，了解git工作流 ,8. 常用算法、数据结构、计算机网络 9. 计算机软件及相关专业   ,加分项  ,1. 熟练使用 Nest.js、TypeScript、TypeORM ,2. 函数式编程、响应式编程 ,3. 有阿里云或其它云平台使用经验"
https://www.zhipin.com/job_detail/341eab10ac861c021XR609i8E1s~.html,Python,10K-20K,深圳,1-3年,本科,"1.计算机、自动控制等相关专业毕业，具有扎实的计算机基础。,2.熟悉Linux操作系统操作,3.熟练试用Python语言，,4.熟悉shell脚本,全日制统招本科学历2年以上经验"
https://www.zhipin.com/job_detail/ad7903abda1e34f61XF73Ny9E1Y~.html,Python,10K-20K,南京,1-3年,本科,"急缺会python的自动化测试人员（5名）、安卓测试（15 名）！,统招本三及以上，非计算机专业三年以上，一轮面试通过即可！团队氛围佳！"
https://www.zhipin.com/job_detail/752ab7d0476a10ea1XV72dq1F1I~.html,python,5K-10K,西安,不限,本科,"√编程达人  √亲和力满分  √热爱教育  √沟通高手,【职位描述】,l 给孩子教授线上1对1编程课,l 根据学员情况，制定学员个性化教案,l 定期汇报备课情况和教学进度，积极反馈学员上课情况,【岗位要求】,l 全日制本科学历及以上，计算机、理科类专业,l 至少精通一门编程语言，C、C++、Python、JS等等多多益善,（以上面试通过者，本公司提供培训）"
https://www.zhipin.com/job_detail/8e602aa7e5ae4fab1XR63tW0EFo~.html,python web,5K-9K,南京,不限,不限,"岗位职责：,1. 使用 Python 开发 Web 服务；,2. 应用 SCRUM 方法结对工作；,3. 按照流程进行软件开发、测试和发布工作；,4. 建立并持续改善软件开发、测试与发布流程。, ,任职资格：,1. 计算机科学、计算机工程及相关专业本科以上学历；,2. 两年以上实际软件开发经验；,3. 熟悉 UML 等面向对象开发方法；,4. 熟悉使用 Python 进行 web 开发；,5. 熟悉 Django 或其他 Python Web 开发框架；,6. 在代码编写、调试和相关技术方向经验丰富；,7. 良好的英语阅读和沟通能力；,8. 逻辑思维清晰。, ,优先：,熟悉 MVC,Responsibility：,1.Web services development with Python.,2.Working in pairs with SCRUM process.,3.Developing, testing and releasing software following defined processes.,4.Building and improving software development, testing and distributing process.,Qualification：,1.Bachelor/Master degree in Computer Science, Computer Engineering or related technical discipline.,2.2+ years experience in software development.,3.Familiar with object-oriented development methodologies.,4.Familiar with web development with Python.,5.Familiar with Django or other Python Web frameworks.,6.Experience in programming, debugging, and related techniques.,7.Good reading and communication skills in English.,8.Clear logical thinking.,Good Plus:,1.Familiar with MVC."
https://www.zhipin.com/job_detail/4530c21b525ad3b01XJ-3d25FFE~.html,Python,15K-20K,成都,1-3年,本科,常用工具为python，会开发或者测试
https://www.zhipin.com/job_detail/415007c0ee4d15961Xxz3dq9E1M~.html,Python,6K-12K,沈阳,3-5年,大专,"熟练Java语言或Python语言,三年以上工作经验,大专或大专以上学历,工作长期稳定,世界500强台资企业,六险一金,带薪年假,周末双休,福利待遇优厚,一轮电话面试，二轮到场面试"
https://www.zhipin.com/job_detail/a99278724d1238e11Xx73N-5E1U~.html,python,12K-20K,北京,3-5年,本科,"驻场到湾子地铁站附近银行工作,1、精通Python、Scala、java等至少两种语言，熟练使用常用的shell脚本语言； ,2、熟练使用hadoop、hive、hbase，并对其有一定的底层了解； ,3、熟练使用定时批量调度工具至少两种，如control-M，quartz等； ,4、对spark、storm、kafka有一定了解，能使用其常用命令； ,5、对Linux系统有一定的理解，能熟练使用linux下一些常用命令； ,6、 熟练使用ORACLE，MYSQL等关系型数据库至少一种以及REDIS、CASSANDRA等常用NOSQL数据库至少一种，有使用过或者熟悉分布式数据库者优先；"
https://www.zhipin.com/job_detail/d0ced6948f51acc01XNz29m1EFA~.html,Python,7K-14K,西安,1-3年,本科,有一年半以上开发经验，能在se设计方案指导下完成子模块设计和开发，有云或者虚拟化相关经验优先
https://www.zhipin.com/job_detail/aa25432b3000ddc21XZ50t68GVE~.html,Python,9K-18K,西安,不限,本科,"统招二本以上学历。,有相关工作经验。,开发，自动化。"
https://www.zhipin.com/job_detail/9f600e8e1875ca211X1709m7GVA~.html,Python,10K-20K,东莞,1-3年,本科,"Python工程师：,1.       接触Python一年以上,精通Python开发；,2.    熟悉python 中的web架构 django, web.py, Tornado、Flask、 Quxiote等其中一种常用Python开发框架；,3.    熟悉MySQLdb，paramiko，threading等模块；,4.       符合以下几类要求者优先:,a.精通Linux操作系统使用，熟悉Shell脚本编程语言；,b.精通MySQL、PostgreSQL、Oracle等关系数据库和数据库优化技术；,c.熟悉lighttpd,apache,mysql,sqlite中的一种或多种；"
https://www.zhipin.com/job_detail/d66d4024de03589c1XN43tS6FFI~.html,python,9K-13K,大连,3-5年,本科,"Tmobile项目,python工程师,要求python精通，要有openstack，cloud相关工作经验,3-5年工作经验，英语要求能交流"
https://www.zhipin.com/job_detail/4f4f8c96368c56711X1_09W5FFY~.html,Python,15K-30K,深圳,3-5年,大专,"python开发：,1、大专以上学历，2年以上Python项目开发经验（1年Python ，2年以上Java开发经验的也可以）。,2、熟练使用Python进行统计分析、数据挖掘、数据清洗、可视化探索、特征提取等处理，编程能力强。,3、熟练使用 Django或Flask,熟悉前端html5、css、jquery、layui、bootstrap。,4、熟悉Linux环境及常用shell命令，能够独立完成项目上线、平台搭建等常用操作。,5、熟悉至少一种关系数据库如Oracle、MySQL等，熟悉SQL,了解ElasticSearch、mongodb、redis。,6、具备良好的逻辑思维能力，独立分析和解析问题的能力。,7、强烈的责任心与主动性，能自我驱动成长。,1、有文本分类，推荐/搜索系统，图像分类及识别等项目经验,2、熟练掌握常用算法，如贝叶斯，决策树，随机森林、SVM，神经网络等模型，会使用tensorflow、Keras搭建卷积神经网络CNN、循环神经网络RNN、LSTM"
https://www.zhipin.com/job_detail/60ea06dd0ace99201X182t-0ElQ~.html,python,10K-20K,北京,3-5年,本科,"1. 精通Python语言，并熟悉JAVA语言，具有2年以上Python实际开发经验；,2. 熟悉JavaScript/css/Html，熟悉Linux平台配置，有shell编程经验者优先；,3. 熟悉PostgreSQL、Mysql数据库，熟练掌握SQL编程；,4. 熟悉基于ODoo8.0OpenERP的项目开发，能熟练的进行二次开发；,5. 自我驱动和学习能力强，了解分布式、存储、网络等知识，对新技术充满热情；,6. 对Web技术发展有强烈兴趣，有良好的学习能力和强烈的进取心；,7. 良好的沟通能力、团队协作精神，较强的逻辑分析能力和执行能力；"
https://www.zhipin.com/job_detail/ade6e2101e86feb61X182t-1EFA~.html,Python,13K-18K,北京,3-5年,本科,"学信网可查本科，4年及以上。,计算机相关专业优先,熟悉Python语言及开发工作,有金融或银行项目经验优先。"
https://www.zhipin.com/job_detail/2c6fa7a69617b57b1XV72dW6ElU~.html,python,8K-13K,西安,1-3年,本科,"学历必须是统招本科 (二本以上）,有两年的实际开发工作经验"
https://www.zhipin.com/job_detail/3c2016bbf8413f3b1XR63t-1FVI~.html,Python,10K-20K,深圳,5-10年,本科,我司目前在数据挖掘，数据分析，python语言开发，具体内容我们细聊，公司这块缺口挺大，5年到10年经验都要，感谢，如果有需要可以加我微信*****
https://www.zhipin.com/job_detail/3b353c3a55e3e5c81XB92du8FVc~.html,Python,20K-40K,北京,1年以内,本科,"后台研发工程师,1、负责对标业内顶级 PaaS 和  SaaS 平台的需求研究、技术研究和实现，包括但不限于底层元数据管理、高度灵活的权限管理系统、可扩展的数据存储方案、分布式搜索引擎技术；,2、负责团队服务质量、稳定性，从工具、系统上提升团队开发效率，对重点及有难度的技术攻坚；,3、负责团队 Scrum 流程推进和优化；,4、负责发现和产出对团队效率提升有价值的产品和工具。,职位要求：,1、统招本科学历；,2、良好的设计和编码品味，热爱写代码； ,3、较好的产品意识，愿意将产品效果做为工作最重要的驱动因素；,4、掌握WEB后端开发技术: 协议、架构、存储、缓存、安全等；,5、积极乐观，认真负责，乐于协作。"
https://www.zhipin.com/job_detail/a2b2bef18adeaafa1XZ62tm7EFo~.html,Python,10K-15K,上海,3-5年,本科,"""1.工科、计算机或其他相关专业，两年以上开发工作经验；,2.熟练掌握python/go/lua开发语言,熟悉django框架,3.熟悉nginx,weblogic,tomcat等中间件,4.熟悉redis，mysql，oracle等数据库,5.有前端开发经验,熟悉angular前端框架和技术,对html5/css3有一定了解和实践					,""1.按照需求，完成开发任务；,2.参与系统需求讨论、架构设计，保证系统高可用性；,3.解决开发过程中的复杂技术问题；,4.编写项目开发相关文档材料；,5.负责开发项目的bug修复；,6.负责产品UI设计与开发""					,"""
https://www.zhipin.com/job_detail/54f188bca536d00c1XJ62ty9ElU~.html,Python,9K-18K,成都,3-5年,本科,"软通动力成都分公司，数据库云化、无线UK、云计算等优质项目，九月份公司会搬迁西部智谷新场地，独栋办公楼，环境非常棒，工作氛围好，薪资open。,招聘岗位：java开发、web前端、Python开发、测试工程师等,要求：,1、统招二本及以上学历，学信网可查，毕业证学位证齐全；,2、具备至少1.5年以上实际开发经验；,3、有团队意识，思维活跃，沟通流畅，学习能力强。"
https://www.zhipin.com/job_detail/5bd752e90d2eceaa1Xx_3Nq_EFQ~.html,Python,7K-14K,西安,1-3年,本科,有相关python工作经验即可
https://www.zhipin.com/job_detail/bda3fab90ec8fef91X153Nq8FVo~.html,Python,10K-20K,深圳,3-5年,本科,统招本科学历，python熟练，熟悉linux，相关经验2年以上，工作地点：深圳坂田多个场地，罗湖草埔，东莞松山湖多个场地，灵活安排项目面试，有意向可致电*****（微信同号）何小姐，或者投简历至邮箱*****
https://www.zhipin.com/job_detail/82abd47677ed911d1X152N26GVM~.html,python,8K-10K,北京,1-3年,本科,"参与腾讯网媒内容平台相关业务系统开发与实现；,工作要求：,2年以上开发经验；,扎实的计算机基础和独立解决问题的能力；,熟练掌握python；,熟悉javascript优先；,熟练使用mysql数据库；,热爱编程，对开发工作富有激情，保持开放好学的心态；,对代码的审美有苛刻的追求，要求结构清晰，命名规范，逻辑性强，代码冗余率低。"
https://www.zhipin.com/job_detail/2182f08887b135411nJ809q0EFY~.html,Python,10K-18K,成都,1-3年,本科,具有一年以上python测试或开发经验，统招本科以上学历。男女不限
https://www.zhipin.com/job_detail/e2d92fdd1e5640fb1XZ-29W4E1M~.html,Python,15K-25K,杭州,3-5年,本科,"目前Python岗位分为几类，共性要求JAVA/Python等一种及以上开发语言，熟悉多进程，多线程编程，网络编程等常用技术,l 熟悉linux系统常用命令，熟悉shell／sed／awk，能够独立配置系统环境，部署和维护系统服务，使用常见的性能查看及调优工具 ,l 熟悉常见的关系/非关系数据库，分布式数据库基本架构及原理,熟练掌握Python，熟悉python异步IO；,l    熟悉一种web开发框架，不限于Django/Flask/Tornado；,l    熟悉一种常用的python模版框架，不限于yaml和jinjia2；,l    熟悉一种常用的ORM框架，不限于 peewee/SQLAlchemy；,l    熟悉一种常用的消息队列框架，不限于Celery/RabbitMQ/ZeroMQ；,l 熟悉大规模集群的管理工具，不限于fabric／chef／salt；,l 有web开发经验，了解html、css、javascript等前端开发语言，熟悉但不限于jquery、angularjs、emberjs、extjs等常见js开发框架；,简短的描述python,1. Python ,2. &JAVA,3. LINUX & WINDOWS,4. SQL SERVER & MYSQL,另外的：,有python+前端岗位,python+java岗位，工作中各占50%,python+运维岗位，工作中各占50%,python +docker 岗位。,其中有部分岗位有容灾备份经验为加分项。,因为岗位还是有很多的， 要求不尽相同，要是想了解的话就与我窗口吧"
https://www.zhipin.com/job_detail/3c2c60e4241105111nNz3du7EVU~.html,Python,5K-9K,沈阳,1-3年,本科,"承担web后端的技术工作，开发和维护悠悠各个产品，主要编程语言是python,职位要求:,1. 有扎实的编程功底，热爱编程,2. 熟悉互联网产品和服务的开发过程,3. 有至少一门动态语言或脚本语言的开发经验,4. 对web后端技术架构有基本的理解,5. 有良好的团队合作精神，有责任感，有较好的沟通能力,优先条件:,1. 有一定的web前端技能，包括html/css/JavaScript,2. 对开源软件、敏捷开发方法有特别兴趣,3. 乐于分享，各类流行互联网服务的热心参与和内容贡献者,4. 有django/flask等python web框架的开发经验。"
https://www.zhipin.com/job_detail/3a0811fdd6b990461X1_0920E1E~.html,Python,8K-14K,大连,3-5年,本科,"1.3年以上Python开发经验,2.熟悉diango、restapi,3.熟悉linux,4.熟悉计算机网络以及通信协议,5.熟悉OpenStack优先"
https://www.zhipin.com/job_detail/1b0e062c045885781X1709S9FVc~.html,python,9K-12K,北京,1-3年,本科,"此岗位为在腾讯办公的开发岗，参与腾讯网媒内容平台相关业务系统开发与实现,岗位要求：,1.统招本科及以上学历,2.2年以上开发经验；,3.扎实的计算机基础和独立解决问题的能力；,4.熟练掌握python语言，又会php更好；,5.熟悉javascript优先；,6.熟练使用mysql数据库；,7.热爱编程，对开发工作富有激情，保持开放好学的心态；,8.对代码的审美有苛刻的追求，要求结构清晰，命名规范，逻辑性强，代码冗余率低。"
https://www.zhipin.com/job_detail/ffd0fe12c2b135301Xx63tS5FFs~.html,Python,8K-16K,成都,1年以内,本科,"1.统招本科以上学历，工作经验1年及以上。,2.精通Python,有完整模块设计开发经验；,3.熟悉linux基本操作，了解Shell等脚本语言；,4.有一定自动化经验优先；"
https://www.zhipin.com/job_detail/15abf6a9b07fdf371Xd63N27F1Y~.html,Python,10K-20K,上海,3-5年,本科,"岗位职责：,1、负责智能投研项目文本类数据的事件和标签体系建立；,2、负责新闻，研报文本数据的提取；,3、负责实现文本数据的情感分析，关系数据的关联关系生成；,4、负责大数据量数据处理，如hadoop，spark，mongodb数据等大量数据的处理；, 5、负责智能投研项目智能搜索的展示,任职资格：,1、熟练使用Python语言进行数据分析，或是R，Scala语言；,2、熟悉主流分析算法如：聚类，分类，回归，文本处理等；有自然语言处理经验优先；             ,3、熟悉Mongodb或hadoop等数据库，有金融大数据开发经验优先；,4、使用过句法依存算法，pagerank等算法优先；,5、熟悉软件技术文档的编写，具备良好的文档编制习惯和规范的代码书写；,6、热爱技术工作，具有较强的团队协作意识，高度的责任感，对工作积极严谨，勇于承担责任。,7、有较强的学习和理解能力，思路清晰，善于思考，能独立分析和解决问题。"
https://www.zhipin.com/job_detail/a48ec325341abe571XF-2tu_FVI~.html,Python,12K-19K,深圳,3-5年,本科,"大学本科以上学历，3年以上计算机相关工作经验；,2、精通Linux、UNIX等操作系统命令；,3、熟悉自动化运维、有Restful API接口开发经验，DevOPS、AIOPS；,4、精通使用Python进行运维管理产品开发，有过项目管理经验优先；,5、熟悉Oracle、PostgreSQL、MySQL等数据库开发；,6、熟悉金融行业监管对数据中心运维管理要求优先；,7、有团结协作精神，能够承受压力，做事踏实，学习能力强。"
https://www.zhipin.com/job_detail/ce061672dff442c71XF_3N6-GVs~.html,Python,5K-8K,大连,1-3年,大专,"工作职责：对视频网站和其它垂直领域的网站结构化数据抓取,工作要求：,熟悉网页抓取原理及技术,熟悉爬虫"
https://www.zhipin.com/job_detail/6336f290553cacbb1X1_0tm0F1I~.html,python,13K-20K,深圳,3-5年,本科,"1.熟悉Linux系统，掌握基础命令，Pyhton基础扎实,2.熟练Python Web技术,熟练使用Django、Flask框架进行web开发工作,3.熟悉Scrapy爬虫框架，熟悉使用Xpath基于Requests,Scrapy,Selenium各模块的数据抓取，了解常见的网站反爬虫措施，及其应对方法,4.熟练使用MySQL数据库，熟悉Redis,MongoDB等NoSQL数据库,5.熟悉Pyhton 多线程、多进程、协程的实现原理,6.了解html/css/js前端技术，基本掌握jQuery/ajax技术，实现前后端交互工作,7.熟悉服务器间Socket通信，熟悉HTTP、UDP、TCP/IP等网络协议,8.严格遵循PEP8风格，运用Restful风格API设计,9.熟悉MVC、MVT开发模式,10.熟悉分布式版本控制系统Git,实现Git协同开发"
https://www.zhipin.com/job_detail/42db2756750a587b1XN539-_E1M~.html,Python,20K-40K,北京,1-3年,硕士,"1. 有音视频编解码相关背景,2. 熟悉ffmpeg，x264，x265，能熟练使用这些工具,3. 熟悉hls，dash等流媒体协议,4. 熟悉python或go开发,5. 熟悉docker、mesos、k8s,5. 有视频转码后台业务开发经验"
https://www.zhipin.com/job_detail/e7dbbaaa08efe42e1nJ-2d-6Flo~.html,Python,30K-60K,北京,3-5年,本科,"岗位职责：,1. 负责团队内部项目的研发,2. 对在用系统进行优化维护,职位要求：,1. 3年python开发经验，1年以上大型服务器端开发经验；,2. 至少熟练使用Django、Flask、Tornado等Web框架中的一种；,3. 熟练运用MySQL、Oracle、Postgresql中的一项或多项进行数据库开发；,4. 熟悉MongoDB、Redis、memecached等NoSQL数据库的一种；,5. 熟悉面向对象设计原则，理解各种设计模式及应用场景；,6. 热爱互联网和新技术，具有快速学习能力"
https://www.zhipin.com/job_detail/1e664918210510a21X1_2tq9E1s~.html,Python,13K-16K,北京,1-3年,本科,"岗位职责：,本岗位负责百度机器人与自动驾驶实验室的开发；,负责计算机视觉、图像处理相关的算法工程师。,任职资格： ,1、 本科及以上学历，计算机、自动化等相关专业；,2、 精通Python语言，掌握tornado、flask等框架，具有REST服务、消息队列、任务调度、并行计算、数据挖掘等方面的开发经验； ,3、 熟悉Linux操作系统，掌握Docker相关技术；,4、 熟悉常见的数据结构和算法，熟练使用Redis、MySQL、Mongodb等数据库；,5、 具备良好的编码习惯及开发文档书写习惯；,6、 具有优秀的团队合作和沟通协作能力，善于学习，乐于分享，能承受较大工作压力；"
https://www.zhipin.com/job_detail/9078cc694e34675c1XR92d--FVE~.html,Python,10K-15K,杭州,1-3年,本科,"1. 计算机相关专业本科及以上学历 ,2. 精通Python，2年以上Python后台开发经验，具有良好的编码习惯； ,3. 精通Python服务端编程，精通网络编程； ,4. 熟悉Django/flask等web开发框架； ,5. 熟悉Unix/Linux操作系统下的开发、部署、维护等工作；"
https://www.zhipin.com/job_detail/c0222a4af1965e221XVy3NW5Fls~.html,python,8K-16K,深圳,1年以内,本科,"1.一年以上的python开发工作经验；,2、熟悉Linux环境，能够独立做shell编程；,3.全日制统招本科学历（17年及其以前毕业，应届毕业生及大专学历的勿扰哦）"
https://www.zhipin.com/job_detail/b3024e5b9826b4091X153N66Flo~.html,Python,10K-20K,西安,不限,本科,"岗位职责：,1、负责python 开发；,2、负责基于hadoop streaming的数据处理；,任职要求：,1、熟悉python语言，2年python工作经验；,2、熟悉django或者其他python web框架；,3、熟悉javascript/css/div；,4、掌握linux开发环境和shell脚本；"
https://www.zhipin.com/job_detail/c2a38d7de86b149f1nZ93d21FlI~.html,Python,6K-12K,大连,1年以内,不限,python和lucence有做这个的技术么 和我们联系 我们公司招聘
https://www.zhipin.com/job_detail/3fa99c3285f1d96e1n193ti-GFo~.html,Python,20K-40K,北京,1-3年,本科,"！！！不限制原语言经验！！！,职位描述,1、负责今日头条相关产品的后台业务研发；,2、负责在线大流量高并发系统设计；,3、主要实现语言为Python/Golang。,职位要求经验3-5年学历本科及以上,1、本科及以上学历，计算机、通信等相关专业；,2、有扎实的编程能力，有优秀的设计和代码品味；,3、深刻理解计算机原理，有良好的数据结构和算法基础；,4、熟悉Mysql、Nosql、消息队列等常用WEB组件；,5、有高并发服务设计和实现经验优先；,6、有较好的产品意识优先；,7、积极乐观，责任心强，工作认真细致，有良好的团队沟通和协作能力；,8、热爱编程，有较强的学习能力，有强烈的求知欲、好奇心和进取心，能及时关注和学习业界最新技术。"
https://www.zhipin.com/job_detail/8c0f6813b6d31c101Xd93NW5EFI~.html,Python,21K-42K,北京,5-10年,本科,"后端工程师 JAVA/Python,1. 有 Web 全栈开发经验，能驾驭前端和后端，对前后端分离项目有一定实战经验。,2. 熟悉 Python 的使用，并且对Flask，Tornado，Django 或其他 Web 框架至少熟悉其一。,3.熟悉 MySQL/MariaDB，Redis等数据库的使用，有手写 SQL 的能力。 ,4.能熟练使用 HTML，CSS，JavaScript 进行开发，熟练使用 VUE 及其组件。,5. 熟悉 Linux 基本操作，能够独立打包部署维护 Python 和前端项目。,6. 具有较好的产品设计和沟通理解能力。"
https://www.zhipin.com/job_detail/4de48378cfb837dc1Xx72Ni4FVQ~.html,python,12K-20K,杭州,3-5年,大专,"1. 至少熟悉Java/Python语言的一种或多种，理解该语言涉及的基础框架，对你使用过的框架能够了解到它的原理和机制；,2. 熟悉常用的linux命令；,3. 熟练掌握多线程等高并发系统编程和优化技能；,4. 熟悉OpenStack/Kubernetes/CloudFoundry等开源云平台者优先，熟悉Docker容器技术、对cgroup/namespace等隔离技术有经验者优先；熟悉Hadoop/Spark/Storm等数据分析平台和经验者优先；,如果有云计算或者容器相关经历是加分项"
https://www.zhipin.com/job_detail/0eb3da72d4a4ac731Xdz2N6-GFY~.html,python,11K-22K,西安,3-5年,本科,"岗位职责：,1. 负责Python软件、服务器程序、网站后台设计，相关算法研发和优化。,2. 参与应用设计与方案讨论。,3. 负责实现软件、应用程序代码，建立和完善开发文档。,4. 协助对所开发的功能进行测试，协助产品部署。,岗位要求：,1. 熟练掌握Python的使用，有一定的python web开发经验，熟悉Tornado优先。,2. 至少会使用一种数据库技术，如Oracle、SQL Sever、Mysql、PostgreSQL等。,3. 熟悉Bootstrap、Node.js、.NET、Linux Shell优先。,4. 有良好的编程习惯，沟通能力强，能够独自编写技术文档。,5. 具备较好的学习能力、问题分析能力，可以独立调试解决问题。,6. 良好的沟通协调能力和团队合作意识，工作踏实，态度积极，能够承受工作压力。"
https://www.zhipin.com/job_detail/76661e4682e7075c1Xx_2dq8GFQ~.html,Python,6K-12K,深圳,1-3年,本科,"岗位要求：,1、本科及以上学历，2年以上Python/Java使用经验。,2、熟悉Flask/Django/Tornado等常见Python Web框架之一，注意代码质量和可维护性。,3、熟悉Postgresql/Elasticsearch/Linux/Nginx/Redis等技术生态，熟悉数据库知识。,4、良好的逻辑思维能力和沟通能力，具有很强的问题分析和解决能力，对解决具有挑战性的问题充满激情。"
https://www.zhipin.com/job_detail/4f48aeebbe8714e71Xxz3Ni_FlA~.html,Python,15K-25K,杭州,3-5年,本科,"*岗位职责:, ,1、负责WEB后端框架层及业务层的实现，指导项目组成员完成开发,2、负责应用的高级设计、功能实现并进行测试及部署,3、分析用户及测试人员的反馈，修改现有服务器框架，达成最佳用户体验, ,*岗位要求:, ,1、三年以上服务器端开发经验，熟悉Linux环境下的开发,2、熟悉Python语言，熟练掌握Django、Tornado、Flask等至少1个Web开发框架，了解Tornado框架,3、动手搭建过实际上线的产品环境，如Apache或者Nginx,5、熟悉多线程编程,6、熟悉Javascript / HTML / XML / JSON / HTML5 / JQuery,7、熟悉SQL语言，熟悉MySQL或者Oracle，有SQL优化经验者优先,8、有MongoDB、Redis、Memcached经验者优先,9、有大数据处理经验或者高并发业务经验者优先, ,*其他要求, ,1、具备良好的编码习惯及开发文档书写习惯，以及具备良好的系统分析设计能力,2、具有优秀的团队合作和沟通协作能力，善于学习，乐于分享，能承受较大的工作压力,3、计算机或相关专业本科及以上学历，有扎实的计算机基础知识"
https://www.zhipin.com/job_detail/d384e32e0c36d3a81XF-29u-EFI~.html,Python,10K-15K,南京,3-5年,大专,"1.学历大专以上，计算机相关专业，3年以上相关工作经验,2.熟悉python开发，熟练使用numpy、pandas等数据分析库，有一定的统计和模型开发背景,3.熟悉oracle、MySQL等主流数据库,4.良好的需求分析，设计能力，工作认真负责，有团队合作精神,福利待遇：五险一金、交通补贴、通讯补贴、年终奖、定期体检、员工旅游等"
https://www.zhipin.com/job_detail/ffd0fe12c2b135301Xx63tS5FFs~.html?ka=search_list_31,Python,8K-16K,成都,1年以内,本科,"1.统招本科以上学历，工作经验1年及以上。,2.精通Python,有完整模块设计开发经验；,3.熟悉linux基本操作，了解Shell等脚本语言；,4.有一定自动化经验优先；"
https://www.zhipin.com/job_detail/f22516357962b10d1Xx53Ny-ElM~.html,Python,10K-15K,武汉,3-5年,本科,"1.统招本科学历,2.3年以上python开发经验,3.二本学历，计算机相关专业,4爬虫"
https://www.zhipin.com/job_detail/b11b475f841ddb801X1529-0ElI~.html,Python,13K-17K,深圳,3-5年,本科,"1.熟练应用linux操作系统，能够在服务器端进行代码部署与调整;,2.有过编写Web应用的经验，熟练使用一种Web框架;,3.精通python编程技术,熟悉nosql数据库，熟悉docker，redis，nginx等，对技术工作充满热情;,4.熟练掌握数据结构和基本算法；,5.有自然语言处理、人工智能、机器学习相关项目经验或背景优先;,6.具备微信小程序开发经验者优先。,福利：餐补、半年度绩效、年终奖、六险一金、带薪年假,外派驻场到平安银行总行。地铁1号线/2号线大剧院站E出口."
https://www.zhipin.com/job_detail/3957b8bcad8c57eb1Xx62Ni4GFo~.html,Python,8K-16K,成都,1-3年,本科,"1、	良好的逻辑思维能力,2、	良好的沟通交流能力,3、	较强的责任心,4、	能承担一定的工作压力,5、	良好的团队合作精神,6、	较强的学历能力，能够独立解决具体的技术问题,必备技能要求（必备项）：,1、	熟练使用python进行编程,2、	熟练使用javascript、jQuery,3、	熟练使用mysql,4、	了解django框架、bootstrap框架、Git工具、html"
https://www.zhipin.com/job_detail/195dac1a16771a901XJy29u8Flc~.html,python,9K-16K,成都,5-10年,大专,"职位要求：,计算机相关专业毕业；三年及以上Python相关开发工作经验；精通Python语言，常用工具包及函数的使用; 精通Python的一种web框架，如Django、Flask，了解前端JavaScript开发,了解bootstrap框架；认真负责，工作态度积极，对coding充满热情，乐于学习掌握新技术；熟练掌握Python语言，熟悉Python在WEB开发中的常用技术；基础知识扎实，了解常用的Web开发相关技术，如HTTP协议等；有良好的技术文档读写能力和沟通能力，良好的团队合作精神；有较强的逻辑分析能力，能够将复杂业务逻辑转化为合理的技术实现；"
https://www.zhipin.com/job_detail/5160f69d516cb6c71XR53dm4GFU~.html,Python,15K-25K,杭州,5-10年,大专,"任职要求：,1、具备1年以上的python开发经验；,2、熟悉linux操作命令，linux服务器的管理；,3、熟悉数据库相关的原理；,4、了解Python基础和相关计算机基础理论；,5、沟通顺畅、学习能力佳，聪明,备注：岗位外派到阿里"
https://www.zhipin.com/job_detail/a03722bcfaa956461XJ42d69EVc~.html,Python,12K-15K,深圳,1-3年,本科,"python工程师：,1.熟练掌握1门开发语言python，最好懂c++，c#,go语言；,2.熟悉数据库，mysql，sqlserver；,3.熟悉linux，unix环境系统操作命令；,4.了解shell语言及脚本；,5.具备自然语言和机器学习的基础理论知识，有实战项目者优先；,6.使用go，python完成基于restful风格和基于websocket的服务端开发；,7.参与制定服务交互流程，与对接方协商设计接口协议；,8.编写爬虫项目爬取web上的文本信息，并做初步信息提取；,9.负责服务项目及爬虫项目的实现设计，编码，调优，测试，使用和接口文档撰写及bug的处理。,10.精通redis/postgresql，会设计关系型数据库的schema,同时有将非结构化数据提取转化为结构化数据的经验；,11.掌握基本数据采集，模拟登陆，http代理，动态数据获取，html文本信息提取等技术；,12.有git使用经验；,13.熟悉Apache/Ngnix等webServer的部署和应用；,14：规范化的文档编写习惯。,岗位：,1.本科及以上，计算机软件工程，数据科学等相关专业；,2.工作经验1-3年；"
https://www.zhipin.com/job_detail/2589aec56bc08f221XFz2964GFY~.html,python,10K-18K,东莞,3-5年,本科,"1.统招本科以上学历，3年以上Python开发经验；,2.对Linux开发环境比较熟悉，能够熟练使用Shell ,3.对Mysql数据库有一定的了解；"
https://www.zhipin.com/job_detail/72d8370de78dca741nN639q7EVA~.html,Python,10K-15K,郑州,1年以内,本科,做棋牌游戏开发，技术总监
https://www.zhipin.com/job_detail/415bd7ab904f60a91X1629q5FlM~.html,python,6K-12K,温州,1-3年,大专,"岗位职责：,1.互联网网站，网页，链接的特征挖掘，对指定的多个网站的网页进行网页抓取、数据的提取、清洗、入库；,2.开发垂直站点定向抓取程序，持续优化系统已有模块性能；,3.对搜索、匹配、同步等后台守护程序进行性能优化等；,4.负责系统日常运营资源调度优化及运营指标分析调优，并能实时监控爬虫的进度和警报反馈；,5.负责特殊网页采集任务的分析及采集方案设计。,任职资格：,1、有Web站点爬取开发经验，至少熟悉Python；,2、熟悉网页抓取原理及技术，熟悉基于Cookie的网站登录原理，熟悉基于正则表达式、Xpath、Css等网页信息抽取技术；,3、熟悉多线程，熟悉使用至少一种关系型数据库MySQL、Oracle等，熟悉NoSQl、hbase、Mongo；,4、良好的编程风格，对整洁代码有追求；,5、良好的沟通能力和团队合作精神。,3. 经验要求：1年及以上,4. 知识要求：初步的业务分析能力、良好的沟通能力、团队协作精神,5. 技能技巧要求：能够完成基本的功能开发工作。,6．职业素养：熟悉并遵守公司的开发规范(备注、定义、命名规则等)"
https://www.zhipin.com/job_detail/4df70d605f89b0881nF_39y1GVQ~.html,Python,10K-20K,杭州,1-3年,大专,"1.熟练掌握一种开发框架，如django，flask等,2.熟悉linux基本操作,3.熟悉数据库"
https://www.zhipin.com/job_detail/6a805d1d23be1f9f1X1_2du8EFo~.html,Python,7K-14K,西安,1年以内,本科,"1.工作内容：基站相关维护软件的开发和维护,2.工作要求：熟练使用Python,掌握java,shell技术优先,3.工作氛围：轻松愉悦，团队20名志同道合的伙伴期待你加入"
https://www.zhipin.com/job_detail/caf7b2af9a28db491XJ92d-8FlA~.html,Python,6K-12K,成都,不限,本科,"技能要求:,1）熟悉python基本语法，会读写文件，excel xml等，,2）熟悉自动化测试框架nose,unittest至少其中一个，了解selenium WEB自动化的简单知识，,3）知道python中socket,线程，队列的简单用法,4）熟悉测试流程，了解软件的生命周期与测试理论相关的基础知识,5）有一定自动化测试经验优先,6）用python编写过自动化脚本优先,岗位内容:工具开发类"
https://www.zhipin.com/job_detail/cd20ef7a7d37d8d11XFz09q-GFY~.html,python,11K-12K,深圳,1-3年,本科,"""岗位一：,1、负责业务系统运维自动化工具的后端开发，包括服务监控系统、自动化运维工具等；,2、实现性能优化，提高系统的健壮性；,3、参与制定和改进应急预案、策略和流程，提高服务运行质量。,岗位要求：,1、计算机相关专业本科以上学历，3-5年工作经验；,2、精通python开发或GO语言开发，精通Linux，精通两种以上的开发框架（beego/django/flask），有良好的编程习惯；,3、具备MySQL等数据库经验,具备NoSQL，大数据处理经验；,4、具备良好的学习能力，对互联网有很强的求知欲和探索意识；,5、有监控、持续集成、自动化运维工具开发经验优先；,6、有良好的合作意识和自我驱动力，能主动承担模糊任务,抗压能力强；"""
https://www.zhipin.com/job_detail/1fc464effc923d111X1-2d-1GFo~.html,Python,10K-11K,南京,1-3年,本科,看懂后台代码，增加新功能
https://www.zhipin.com/job_detail/fdd1151bec7cf68d1XN93ti4EFA~.html,Python,8K-12K,西安,1年以内,本科,"1.二本以上学历，计算机相关专业优先,2.有1年以上python开发经验,3、211大学优先"
https://www.zhipin.com/job_detail/d8e425af0f27881f1nV-3tm-GVA~.html,Python,30K-45K,北京,3-5年,本科,"职位描述,-负责知乎支付系统的设计、开发和维护,-负责对接知乎各业务接入支付系统,-负责支付系统中第三方支付平台的接入,任职资格,-计算机基础知识扎实，包括不限定于操作系统、计算机网络、数据结构和算法,-有数据库事务、数据库锁的使用经验，对 SQL 优化有丰富经验,-3 年及以上 Java 开发经验，熟练使用 Spring、SpringMVC、MyBatis 并读过相关源码,-掌握分布式系统的设计和应用，熟悉 Dubbo、Redis、MQ、ZK 等,-理解常见并发模型和场景、对 IO、多线程、集合基础框架等有扎实理解,-理解 JVM 原理、对线上性能问题 GC 优化有相关经验,加分项,-有支付系统的设计、开发经验优先，熟悉 Python 优先"
https://www.zhipin.com/job_detail/45d313608a17c6c91nR82dS1ElY~.html,Python,9K-14K,成都,不限,本科,有python相关工作经验
https://www.zhipin.com/job_detail/4c2440e41b1138721Xd529-6F1A~.html,python,13K-15K,南京,3-5年,本科,"计算机科学或类似经验的本科学历。,•3年以上专业软件开发经验。,•有与客户共同创新的激情。,•熟悉数据库、python 。,•积极的心态，团队合作，谦逊，透明，乐于改变，适应能力强。,•良好的英语口语和书写能力。,•本岗位是外派到外企工作，办公地点在软件大道丰盛商汇，弹性制上班，无加班，薪资高。"
https://www.zhipin.com/job_detail/bbeeb5751f83d3a41X163966FFs~.html,Python,8K-15K,成都,3-5年,本科,"精通python 熟练使用python标准库和流行的第三方库 以及熟练使用Flask、Django等开源框架,1.5 最好是能有JAVA开发经验 会用框架,1.7 html5+css3+JavaScript/Jquery （当然还有ajax node.js之类的）会用框架,2 linux shell,2.5 数据库MySQL/Oracle/Redis,2.7 Git,3 熟悉TCP/IP协议及开发, 熟悉ARP,ICMP,HTTP,SSH等基础协议,3.5 熟悉常用算法和数据结构，熟悉网络开发和多线程开发,4 devops,5负责公司数据分析，算法，爬虫相关工作,5.5 大数据 云计算 跨平台"
https://www.zhipin.com/job_detail/56b129e79df6db2a1XJ70ty9Flo~.html,Python,8K-16K,苏州,3-5年,本科,"后端研发工程师 ,千军易得一将难求，或将改变你我一生,技能要求:,1、熟练使用python， 熟练使用Django开发框架， 熟练使用MySQL、redist。 ,2、了解小程序， 了解js、jQuery。 ,3、熟悉docker,了解git。,4、 有接口安全开发经验。 了解项目部署。,岗位职责:,1、负责后台核心模块的架构设计和开发、单元测试、功能自测； ,2、负责项目架构的制定和优化，开拓和引入新的技术； ,3、负责项目后端业务逻辑开发，与技术团队交流协作； ,4、负责初、中级工程师的培养。 ,职位要求： ,1、本科及以上学历，计算机相关专业，基础知识扎实； ,2、聪明，学习能力强，有独立解决问题的能力； ,3、三年以上的系统软件架构经验，精通Python/Go/Java/C++ 任一语言，有完整软件项目开发、迭代和实施经验； ,4、良好的编程习惯，追求极致的代码品质，熟悉常用设计模式和一般项目的开发流程； ,5、开朗上进，积极沟通，善于团队协作。"
https://www.zhipin.com/job_detail/88ce38cd92df0ace1nx52Ni8Flo~.html,Python,6K-12K,无锡,3-5年,本科,"对金融有浓厚兴趣，擅长数学推理、建模。喜欢股票,期货交易，精通python语言编程，数据挖取，分析。"
https://www.zhipin.com/job_detail/c7f224c6704fd86f1XNz3N20Flo~.html,python,6K-12K,成都,3-5年,大专,"职位要求：,计算机相关专业毕业；三年及以上Python相关开发工作经验；精通Python语言，常用工具包及函数的使用; 精通Python的一种web框架，如Django、Flask，了解前端JavaScript开发,了解bootstrap框架；认真负责，工作态度积极，对coding充满热情，乐于学习掌握新技术；熟练掌握Python语言，熟悉Python在WEB开发中的常用技术；基础知识扎实，了解常用的Web开发相关技术，如HTTP协议等；有良好的技术文档读写能力和沟通能力，良好的团队合作精神；有较强的逻辑分析能力，能够将复杂业务逻辑转化为合理的技术实现；"
https://www.zhipin.com/job_detail/ff17ee0941afc82a1XZ43dy1F1I~.html,Python,6K-10K,桂林,不限,不限,"FIRST：如果PYTHON是您第二语言，而第一语言是C#或JAVA可以加分。,要求如下：,使用Python进行过NLP相关开发衍生；,能独立完成后台服务功能模块的设计与开发；,配合团队其他成员进行模块开发及整合；,维护所负责的服务模块，并不断持续优化功能系统；,确保所负责的服务模块能够达到产品要求的质量标准响应错误率不间断服务指标。,工作时间朝九晚六。,公司有常青藤毕业海归做资深顾问，在桂林注册了公司方便对接业务，客户主要遍布在北京 上海 深圳。,已经为3家北京500强企业提供技术服务数年。"
https://www.zhipin.com/job_detail/d13275bcd03838a81X1_0tm4EVI~.html,Python,8K-16K,南京,不限,不限,主要负责公司业务系统的再开发和维护，公众号开发维护
https://www.zhipin.com/job_detail/b55beb3cb7cb89251XN5296-E1Q~.html,Python/C#,7K-14K,成都,1-3年,本科,"【岗位】Python开发,主要从事研发/测试效率提升类的工具开发，有两年及以上的实际开发经验,【岗位要求】1、统招本科及以上学历，211优先考虑，理工科专业,                      2.至少1年项目经验, ,若有意向可投递简历，目前工作地点在高新西区西源大道2069号，后期可能在西部智谷办公。介意地点请慎重考虑。"
https://www.zhipin.com/job_detail/5befceeac0785ee61XJ639q4FVE~.html,Python,7K-14K,南京,3-5年,本科,"1、python代码的性能调优，如多线程并发等；,2、开发对外接口；,3、搭建产品架构；,4、带领协调组员开发；,5、熟悉java，Linux及zookeeper等,4、接受能力强，具备较强学习能力，独立解决工程难题"
https://www.zhipin.com/job_detail/0d2969627002c20a1n193tm1GFI~.html,Python,7K-8K,温州,1年以内,不限,"１、用python开发Odoo客户新模块，２、整合Odoo的web应用程序３、安装，维护和监控Odoo服务器。 要求：1:熟练使用Python语言，3年以上相关经验2:熟悉常用web前端开发技术，包括JavaScript,HTML/CSS等3:了解或掌握Odoo技术框架，有ERP相关工作经验尤佳。"
https://www.zhipin.com/job_detail/eec878b98a5938a01XJ72Nm-FVE~.html,Python爬虫,15K-30K,深圳,3-5年,本科,"工作职责,1．  Python 定时任务框架：Apscheduler，celery,2．  Python 爬虫框架，目前主要框架是Scrapy+redis,3．  熟悉：flask、diongo、tornado框架,4．  目前操作系统suse、欧拉,5．  数据库：mysql、redis、mongoDB、neo4J, ,项目背景：,搭建环境、大数据文件处理,"
https://www.zhipin.com/job_detail/3f19974b374c50e51XB43966EFQ~.html,Python讲师,15K-30K,北京,3-5年,本科,"1.本科以上学历，有良好的数学基础和逻辑建模能力；,2.深入理解诸如回归、分类、聚类等机器学习领域的基本概念；,3.熟悉推荐引擎、自然语言处理、语音识别、图像识别、人脸识别、神经网络等人工智能领域的相关算法；,4.熟练掌握Python语言；,5.熟练使用Numpy、Scipy、Matplotlib、Pandas等数值计算库；,6.熟练使用sklearn、nlp、opencv等机器学习工具包；,7.具有一定的深度学习研发背景，熟悉至少一种深度学习框架，如：TensorFlow、Caffe、Theano、Keras、ConvNet、Torch等；,8.在至少一个领域有深入的研究，如：深度神经网络、语义分析、模式识别、机器视觉、量化金融等；,9.在强化学习领域有丰富的项目经验及算法实现能力者优先考虑；,10.善于分析问题、解决问题，具备丰富的想象力、卓越的学习能力和创造性思维能力，具有良好的团队协作精神，怀有推动人工智能不断发展的理想和使命感。"
https://www.zhipin.com/job_detail/a98dcffc7e00f6591Xx82d25EFU~.html,Python,5K-8K,太原,3-5年,不限,*****
https://www.zhipin.com/job_detail/3a035bd791e95ce11XR53N-1Elc~.html,Python,6K-12K,徐州,不限,不限,配合团队完善数据采集规则编写，数据爬取！
https://www.zhipin.com/job_detail/21d231b2a4093d581XN52dy0GFE~.html,Python,13K-20K,深圳,3-5年,本科,"python工程师技能要求：,    1、基本功扎实，熟练掌握Python语言，熟练掌握多门开发语言者优先,    2、熟练掌握算法、数据结构、设计模式，技术涉猎广泛，了解Linux系统,    3、有激情、创造力，善于团队协作，有产品意识，热爱产品，对自己开发的产品有认同感,    4、热爱程序开发，擅于解决问题，提供个人技术博客，github优先"
https://www.zhipin.com/job_detail/ad684dc2508735ce1XJ43dy_F1o~.html,Python,25K-35K,北京,5-10年,大专,"弹性工作,百万医疗,10天年假,高速增长,职位描述：,【岗位职责】,负责在线服务数据平台的设计和实现。主要实现语言为Python，开发环境为Linux。,【任职要求】,1.3年以上同岗位工作经验，扎实的Python编程基础，熟悉常用的开源库；,2.深刻理解计算机原理，有良好的数据结构和算法基础；,3.具备良好的识别和设计通用框架及模块的能力；,4.热爱技术，工作认真、严谨，对系统质量有近乎苛刻的要求意识，善于沟通与团队协作；,5.有扎实的编程能力，有优秀的设计和代码品位, 热爱编程；,6.具备大型网站或高并发系统开发、设计工作经验者优先；,7.5年以上工作经验，有创业经验者优先。,【好巧福利】,1.休闲水吧台+咖啡饮料+小吃零食水果不间断+旅游出行酒店、机票享内部优惠+定期团建轰趴、吃喝玩乐,2.弹性工作+五险一金+商业保险+入职10天带薪年假+定期体检,3.更大的发展空间，我们将尊重并全力支持你的Idea，你不再只是一颗螺丝钉,4.只要你有能力，升职加薪你说了算!,5.超和谐的工作氛围和人际关系，团队腾讯、百度、旅游业大咖云集，真正的扁平管理!,嘿！加入我们！攻城狮们只要你需要，双屏配置也满足！我们希望你能和我们一起开心的工作和生活，让我们一起把每一天都变得更加有意义和美好！"
https://www.zhipin.com/job_detail/654919dd1d6449e31Xx429m5F1E~.html,python,6K-7K,郑州,不限,本科,"【工作职责】：,1. 根据学员情况，制定学员个性化教案；,2. 按照公司要求，进行“在线1对1 ”授课；,3. 定期汇报备课情况和教学进度，积极反馈学员上课情况。, ,【任职要求】：,1. 全日制本科以上学历，计算机相关专业，能力优秀者可适当放宽，985、211院校、国外留学更佳；,2. 熟练运用Python；至少熟悉Python一个应用分支（如web，游戏，爬虫，人工智能）的编程；熟悉pygame模块优先；熟悉HTML、JS、正则表达式、XPath等，有爬虫项目经验优先。,3. 形象气质佳、普通话标准，有责任心，有亲和力，热爱教育事业、喜欢与小朋友沟通，有良好的沟通能力，较强的亲和力。"
https://www.zhipin.com/job_detail/e0b982309d6286061Xd629W1FVE~.html,Python,10K-13K,北京,1-3年,本科,"岗位职责：,1、python编程经验两年及以上,2、本科及以上学历, 计算机专业, 有较强的学习能力、语言沟通能力、问题解决能力，良好的团队意识,3、熟练使用mysql、redis等数据库，熟悉Linux配置和管理,4、熟悉django框架（如能提供你在开源网站上的作品，请务必注明URL）,5、熟悉js加密（如能提供你在开源网站上的作品，请务必注明URL）,任职要求：,1.计算机科学与技术、软件工程等相关专业；,2.熟练使用Linux平台，有两年以上python编程经验，熟悉前端开发的相关领域知识；,3.熟练使用XPath、正则表达式；,4.具有优秀的团队合作和沟通协作能力，善于学习，乐于分享，能承受较大的工作压力；,5.具有网站反爬虫经验，理解WEB等数据抓取的工作原理及流程者优先；,6.熟练使用Mysql/MongDB/Redis/Django者优先；,7.拥有良好的编码习惯，结构清晰，命名规范，逻辑性强。采集过蚂蜂窝/大众点评/天猫/淘宝者优先。"
https://www.zhipin.com/job_detail/b48dde615407e3171XF-0t-9EFE~.html,Python,10K-15K,上海,3-5年,本科,"1.本科以上学历，毕业三年以上，两年以上项目的设计开发经验；,2.参与过2个以上应用系统的设计和开发；,3.精通python基础知识,熟练掌握Linux下的python程序编写和执行;,4.掌握Oracle数据库原理，能进行数据库安装、性能分析和sql调优；,5.熟练使用python进行文件读写、网络编程；,6.具备黄金、证券、期货、银行系统开发经验者优先。"
https://www.zhipin.com/job_detail/811fdb4b2b0b0d421XN539m0F1s~.html,Python,8K-16K,杭州,1-3年,本科,"1.  开发自动化测试框架、相关系统、以及自动化测试工具；,2.  结合公司的产品业务，为测试和开发人员提供自动化解决方案，并推广落地； ,3.  自动化相关技术研究 ,       ,职位要求：     ,1.  本科及以上学历,2.  精通python编程语言（同时还熟悉C/C++的优先考虑） ,3.  有大型工具、以及自动化测试框架开发经验者优先；有大数据、人工智能、云计算等领域的项目经验者优先； ,4.  具备较强的问题分析能力、创新能力，以及良好的沟通能力； ,5.  熟悉软件开发流程、设计模式，具备需求分析和系统设计能力。"
https://www.zhipin.com/job_detail/f803f9b163dac5d91nN73Ni4GFA~.html,Python,5K-8K,厦门,1-3年,大专,有爬虫经验 懂协议
https://www.zhipin.com/job_detail/21a62bb6257994a71XZz2d-1Els~.html,java+Python,8K-14K,大连,3-5年,本科,"三年以上开发经验，掌握java和Python；,英语读写没问题，可以简单沟通；,英语可熟练沟通者可以放宽年限（两年以上）。"
https://www.zhipin.com/job_detail/d1bcb520437db7e31X1_2N2_EVc~.html,Python,10K-15K,上海,1-3年,本科,"-4年相关工作经验，只要男生，本科及以上学历精通 Python                                精通 JS，,熟练掌握 HTML,CSS                                             最好有证券金融分析开发经验"
https://www.zhipin.com/job_detail/31bcfb367c4be1ea1XZy09u4Elc~.html,Python后端,10K-20K,北京,3-5年,大专,"岗位要求：,1.熟练掌握Python/Shell/powershell/WMI/HTML/JavaScript等语言； ,2.熟悉Unix/Linux/Windows操作系统和开发环境； ,3.熟悉stackstorm,saltstack ansiable;,4.熟悉MongoDB,MySQL数据库；,岗位职责,1.针对开发需求设计框架；,2.实施语言及saltstack与stackstorm action开发与测试；,3.实施自运维与自动化action的开发与测试;,4.Python问题处理;,5.需要交付开发文档以及源码并完成相关源码及文档操作培训。"
https://www.zhipin.com/job_detail/5b30fa770287c8e71XJy2dm1FFE~.html,Python,10K-15K,济南,1-3年,本科,"高级软件开发工程师（Python方向）,工作职责：,1. 负责日均上千万次 数据解码程序开发和架构设计，构建高并发，高可用的服务；,2. 负责相关数据的任务调度系统开发和设计，以及数据管理后台；,3. 负责PB级数据的存储和分析，构建数据存储分析中心。,任职要求： ,1 、计算机、电子工程、数学物理、通信工程等相关专业，本科以上学历，3年以上工作经验,2、3年以上Python开发经验，精通Python基础，熟悉后端开发的相关领域知识；有java或C开发经验的优先 ,3、有Python系统及高并发架构设计经验 ,4、熟悉Python 通信信令编解码相关,5、熟悉MySQL, redis，MongoDB等数据库 ,6、熟悉Git等代码版本控制流程和工具 ,7、日常开发有单元测试，压力测试、集成测试意识和习惯，有较强的钻研和协作能力，能承受较大的工作压力。"
https://www.zhipin.com/job_detail/6e5c28b045e9f5981X1709S9EVA~.html,Python讲师,18K-30K,深圳,5-10年,本科,"1、至少5年以上Python编程经验；,2、精通Python全栈开发，精通Django Web框架；,3、深刻理解计算机原理，有良好的数据结构和算法基础；,4、熟悉面向对象程序设计方法；,5、熟练数据库表设计、SQL语法，熟练MySQL数据库；,6、熟练web前端技能, 包括html/css/javascript/jquery/boostrap；,7、熟练Linux环境开发，熟练使用SHELL命令和脚本语言；,8、熟练基于Linux应用程序的管理和配置，如Docker、Redis、GitLab、Ansible、Nginx、Zabbix、Jenkins等；,9、有Python网络爬虫相关开发经验优先；,10、具备大型网站或高并发系统开发、设计工作经验者优先。"
https://www.zhipin.com/job_detail/40d77b694142fd3f1XZ839S8EVE~.html,Python,6K-8K,银川,不限,本科,"岗位职责：,1. 参与项目需求分析，业务逻辑流程与设计，文档编写；,2. 负责系统开发，维护现有的项目和系统；,任职要求：,1. 熟悉Python，掌握基本数据结构，熟悉标准数据库，认同Python设计理念；（编程语言）,2. 熟悉常见的Python框架，熟悉Tornado，django优先；（服务框架）,3. 熟悉常见的数据库，熟练掌握Mysql，Mongodb，Redis者优先,（数据库）,4. 掌握Linux操作系统，熟悉ngin x，WSGI,理解TCP,HTTP等网络协议；,5. 具有良好的编码习惯，文档书写习惯，优秀的团队合作和独立抗压能力，善于学习，乐于分享"
https://www.zhipin.com/job_detail/5a91027fc7820c481XR73tq_EVY~.html,Python,12K-15K,青岛,5-10年,本科,"技能要求：,1、3年以上Python编程经验；如有Java经验，后转Python，经验年限可放低。,2、精通django等常用开发框架，有网络爬虫经验优先；,3、熟练使用Mysql等关系型数据库；,4、熟练使用HTML，CSS，JavaScript，JQuery；,5、熟悉python机器学习实战；,6、熟悉Linux下Shell、Python两种脚本语言；,岗位职责：,1.按照教学大纲完成授课任务；,2.研发python课程教案等；"
https://www.zhipin.com/job_detail/49197baeca537f9d1XN92t25FFc~.html,Python,6K-11K,西安,3-5年,本科,"、使用Python进行相关的开发工作，配合项目按质按量完成相应的开发任务,　　　2、熟悉html/css 以及 JavaScript,　　　3、逻辑思维清晰，能独立完成开发任务并解决遇到的技术问题,　　　4、具有较强的性能优化意识，并发挥积极作用,任职要求：,　　1、本科及以上学历， 计算机相关专业优先；,　　2、2年及以上相关工作经验；,　　3、了解Python、Java开发语言；,　　4、有较好的沟通能力与团队协作精神,服从工作安排,遇到问题积极主动沟通；,　　5、综合素质较高,具有较强的逻辑思维能力和良好学习能力；"
https://www.zhipin.com/job_detail/d42524986f02776e1X1-2ty9GFM~.html,Python(滴滴),10K-20K,北京,3-5年,本科,"1、扎实的计算机科学基础知识，熟悉操作系统，数据库、常见数据结构和算法，以及软件设计实践，代码习惯良好；,2、熟练掌握Python开发，熟悉Django，Flask等开发框架；,3、有基本的Web前端开发经验；,4、熟悉 MySQL、MongoDB、Redis 等的基本操作，了解相关原理及其实现；,5、有运维平台开发经验, 了解DevOps；,6、熟悉Linux，能够以Linux作为工作环境，熟悉命令行操作；"
https://www.zhipin.com/job_detail/05823a6b6d0ee9701XZy3t69GVI~.html,Python,6K-12K,西安,3-5年,本科,"工作职责：,1、 和业务团队一起持续优化升级公司现有的安全产品，并进行规划以及负责后端系统需求分析、模块开发；,2、负责相关文档的编写；,任职要求：,1、计算机相关专业；,2、有Python开发经验，熟悉Pythjavascript:;on常用函数库；,3、熟悉Django, Tornado, Flask或其他web框架中的至少一种；,4、熟悉 SQLAlchemy Python ORM 框架使用；,5、熟悉linux开发环境，熟练使用linux各种命令，以及bash脚本。,6、 具备数据库设计能力，了解数据库优化原理。,7、熟练bootsrap,css,jquery,加分项：,1、熟练redis以及mongodb的使用,2、具有良好的代码书写风格。,3、踏实好学。,五险一金，股票期权, 薪资可以根据自己能力具体谈"
https://www.zhipin.com/job_detail/0d21d0a30a7261b31X1-2tq6GFs~.html,python工程师,10K-15K,北京,3-5年,大专,"负责服务器端的开发和维护工作；,- 参与服务端系统代码的重构和性能优化； ,任职要求：,- 熟练掌握Python编程语言和常用的开源库，有其他语言的开发经验，如C++，JAVA等；,- 熟悉MVC架构， 使用过Flask，Django等至少一种主流的web开发框架；,- 熟悉Mysql等关系数据库的使用和优化； ,- 熟悉 git，熟悉 celery源码设计及其分布式的相关实现； ,- 有扎实的计算机基础，熟悉常用数据结构、算法、设计模式；,- 有较强的学习和沟通能力，以及团队合作精神 ；"
https://www.zhipin.com/job_detail/fa26f74bbac7f7c11nJ52t-7FFU~.html,Python,15K-30K,深圳,1年以内,大专,"Python机器学习讲师,岗位职责：,1、负责Python机器学习部分的研究工作；,2、负责机器学习的授课工作；,3、制作课程案例，编写教学文档；,任职要求：,1、熟练掌握Python语言，熟练使用第三方框架；,2、扎实的计算机基本功及数学基础；,3、熟悉常见机器学习算法(如逻辑回归、SVM、神经网络、决策树、贝叶斯等)；,4、熟悉Linux开发环境；,5、熟悉至少一种深度学习训练工具(Caffe/Theano/Keras/ConvNet/TensorFlow/Torch等)；,6、具有较好的团队合作精神、沟通能力和较强的责任感；,7、思路清晰，有较强的学习能力；,招聘Python数据分析讲师,岗位职责：,1、负责基于Python数据分析的研究工作负责基于Python数据分析的授课教学工作；,2、负责基于Python数据分析的课程案例制作和教学文档编写；,任职要求：,1、熟练掌握Python语言，了解Python 3.x新特性，有数据工程领域开发经验；,2、拥有数据分析建模理论、熟悉数据分析建模过程；,3、熟悉基于Python的urllib2、requests等HTTP库，以及lxml、bs4等解析库；,4、熟悉一种Python爬虫框架(Scrapy，PySpider)；,5、熟悉NumPy和SciPy科学计算工具的使用；,6、熟悉Pandas数据分析工具的使用；,7、熟悉Matplotlib和Seaborn等数据可视化工具，了解Bokeh交互式数据可视化者优先；,8、熟悉NLTK、Jieba等文本数据分析工具，以及对数据进行情感分析和分类；,9、了解图像数据处理及分析，以及常用的图像特征描述；,10、了解scikit-learn机器学习工具，以及PCA降维算法原理者优先；,11、了解K-Means(聚类模型)、ARIMA(时序模型)、朴素贝叶斯和人工神经网络(分类和预测模型)者优先；,Python web讲师,岗位职责：,1、制作课程案例，编写教学文档；,2、负责攻关技术难点，学习最新的技术，整理文档并分享；,任职要求：,1、熟练掌握Python语言，熟练使用第三方库，有Web开发经验；,2、至少熟悉一种Python Web框架(Django, Flask, Tornado)；,3、熟悉Linux操作系统，能够进行日常服务器运维部署；,4、熟悉MySQL数据库的使用与性能优化，熟悉NoSQL(Redis与MongoDB)者优先；,5、熟悉HTTP协议及原理，Socket通信,5、熟悉前端开发HTML+CSS，Javascript，Jquery，Ajax，熟悉react为加分项；,6、具备团队合作精神，积极的工作态度和较强的责任心，良好的沟通和学习能力,7、思路清晰，具备良好的沟通能力和团队协作精神。,Python爬虫讲师,岗位职责：,1、负责基于Python的网络爬虫的研究工作；,2、负责基于Python的网络爬虫教学工作,3、制作课程案例，编写教学文档；,任职要求：,1、熟悉Python开发，了解网络爬虫基本知识；,2、熟悉Http/Html/Xpath等,3、熟悉Scrapy或pyspider，有爬虫经验，熟悉爬虫调度策略；,4、有服务器编程经验，熟悉elasticsearch，lucene，hive，redis之中两个，熟悉更多者优先；,5、对新技术知识具有浓厚的学习和研究兴趣，动手能力强，有阅读开源项目源码习惯尤佳；,6、具有一定的独立解决问题的能力，良好的沟通与团队协作精神；,7、本科以上学历，工作经验0-3年；"
https://www.zhipin.com/job_detail/8ce9364a41df24b61XN63Ni7FVY~.html,Python,15K-30K,北京,1-3年,本科,"职位描述：,参与一个全新的早期项目——刷刷看,ENJOY旗下的刷刷看是一款做视频导购的年轻时尚类app，拥有独立的股权和期权激励体系。,职位描述:,1、负责用户产品多平台后端开发工作，主要编程语言是 Python 和 Go；,2、参与产品设计，与前端和移动端工程师一同探讨技术方案；,3、参与架构设计，与平台工程师合作优化新旧服务的性能和稳定性。,职位要求:,1、扎实的计算机基础知识，了解常用数据结构和算法；,2、熟练掌握至少一门编程语言，如：Python, Go 等；熟悉常用 Web 框架；,3、熟悉 MySQL、Redis等后端组件的使用，了解基本的设计、优化原则；,4、热衷性能分析与调优，积极使用新技术提升工作效率；,5、良好的团队合作精神与责任感，较好的沟通能力。,优先条件:,1、开源社区贡献者;,2、具备前端开发能力，了解 React，Vue.js 等前端框架;,3、具备数据处理和分析能力，了解 pandas，Spark 等数据工具。"
https://www.zhipin.com/job_detail/50165610b0ec2cf21nd43dq5FFU~.html,Python导师,13K-20K,武汉,5-10年,大专,"职位描述：,1. 按照教学大纲高质量完成日常授课任务和实训工作；,2、根据需要,改进教学方法,完善教学体系；,3、参与学术交流与研讨,不断提升业务水平任职资格；,技术要求：,任职要求：,1. 熟悉Python/java语言，熟练使用python常用模块，使用Django/Tornado等web框架；,2、熟悉Linux操作系统与linux shell命令；,3、对网络爬虫,大数据科学分析,机器学习等有深入研究；,4、熟悉MYSQL数据库,参与过至少一到两个电商平台项目的完整开发；,5、表达能力好, 有技术播客或试讲视频者优先；,6、强烈的产品意识和分享精神；,7、有独立开发一个产品的经验优先考虑,8、具备优秀的沟通能力和团队协作能力；,9、有优秀的独立研发能力，学习能力和较强的责任心，能够专注于技术工作 。"
https://www.zhipin.com/job_detail/a8fdfd61129867661Xx639y5GFY~.html,Python,7K-10K,大连,1-3年,本科,能独立作业，看懂日语式样，有linux shell编程经验
https://www.zhipin.com/job_detail/92890bcb9fca1a4f1XN_0tS9FlE~.html,python,7K-14K,福州,1-3年,大专,"岗位描述：,1、负责设计开发自动化运维系统；,2、负责API的设计与实现。,岗位要求：,1、大专以上学历，计算机相关专业，接收优秀应届生，有运维相关基础者优先;,2、熟练掌握Python语言，熟悉MVC架构，熟悉WSGI协议，能在短时间内上手任意一种Python Web框架，包括但不限于Django、Flask、Tornado；,3、独立设计并开发Web服务REST API,有使用常见开源数据库产品(sql)经验,4、具备一定的前端能力的优先，css/less，javascript（requirejs, backbone）；,5、工作细心，求知欲强，具有良好的团队协作能力和良好的沟通能力；,6、具备积极的工作热情、不断学习的热情。"
https://www.zhipin.com/job_detail/67ce87f427c475b81XR72Ny9GVE~.html,Python,3K-5K,舟山,1-3年,本科,"岗位职责,1、根据项目需求，开发和维护python服务框架；,2、python相关系统的测试、安装部署、性能调优、算法实现技术支持等工作；,3、负责爬虫项目相关设计和开发工作；,4、负责基础后端服务相关设计和开发工作。,岗位要求：,1、计算机相关专业本科及以上学历；,2、精通Python开发语言，熟悉Django/Tornado等开发框架 ；,3、熟练 使用MySQL，Redis，MongoDB等第三方组件；,4、熟悉 多线程，网络，异步IO等及相应的Python库；,5、熟悉golang，lua等语言优先，有爬虫相关项目经验优先；,6、具有良好的编程思想和代码规范，有较强的分析和解决问题能力、学习能力；,福利待遇：                                        , 1、五天工作制，双休；国家规定的各种法定节假日予以休假；,2、薪资待遇组成：底薪+职务补贴+职称补贴+城市补贴+餐补+提成+电脑补助+年终奖；,3、五险一金。,工作地点：,浙江省舟山市定海区临城街道百川道11号（中国舟山海洋科学城）A11幢10楼1001室,联系人：崔女士   ,联系电话：*****,联系邮箱：*****"
https://www.zhipin.com/job_detail/176103ea7002d4421Xx_2Nq-E1I~.html,Python,5K-10K,潍坊,1-3年,大专,"岗位职责：,1、负责网络爬虫系统的设计与开发，进行多平台信息的抓取和分析工作；,2、负责网页信息数据抽取、清洗、消重等工作，提升平台的抓取效率；,3、维护现有爬虫系统，快速定位并修复现有系统缺陷；,4、设计优化爬虫调度系统，优化调度策略。,5、协助业务开发完善反爬规则。,岗位要求：,1、有2年以上Python开发经验；,2、熟悉Python、Shell等脚本语言，具有Linux平台软件开发经验，对数据结构、算法和设计模式有深刻理解,3、精通html语言，熟悉开源工具，熟悉基于正则表达式、XPath等的信息抽取技术。,4、熟悉网络编程和多线程技术，对TCP/IP，HTTP有深入理解；,5、熟练PL/SQL，熟悉Oracle或MySQL等主流数据库；了解MongoDB, Redis等NoSQL技术；,6、有scrapy等开源抓取工具开发经验优先。,7、做事严谨，责任心强。具有独立调研，分析，学习能力。有团队协作精神.联系电话*****"
https://www.zhipin.com/job_detail/9b6793d9defe66df1XN8292_EFM~.html,Python,10K-17K,深圳,3-5年,本科,"1、大专以上学历，3年以上工作经验；,2、有良好的编码习惯及严谨的逻辑思维；,3、熟悉使用Oracle、MySQL、MongoDb等主流数据库；,4、熟练掌握python语言；,5、拥有大数据分析项目或银行金融项目经验优先。"
https://www.zhipin.com/job_detail/2ad5ef7ba3cac29b1Xxz3tq-ElY~.html,Python讲师,15K-30K,北京,3-5年,本科,"【岗位要求】,1、负责Python课程体系设计和完善；,2、负责Python课程爬虫、数据分析、网站开发的讲授；,3、完成领导交办的其它工作。,【任职资格】,1、至少2年以上Python编程经验；,2、熟练运用Python语言及常用模块；,3、熟悉django等常用开发框架；,4、熟悉Mysql, oracle数据库中任何一种；,5、熟悉HTTP, Javascript, HTML；,6、熟悉树莓派设备python开发；,7、熟悉python机器学习实战；,8、精通Linux下Shell、Python两种脚本语言；,9、精通基于Linux应用程序的管理和配置，如Tomcat、Redis、Zookeeper、Jdk、Nginx、LVS、FastDFS、GFS等。"
https://www.zhipin.com/job_detail/cab69c507a84aee21ndz2d69EFQ~.html,Python,4K-8K,郑州,3-5年,本科,"信息安全攻防产品研发工程师,职位描述：,请注意：不招做后端开发的！,请注意：不招做后端开发的！,只招有工作经验的！！！,1、负责网络攻防实验项目编程，具有丰富研发设计能力。至少精通python编程语言。,2、负责教育类攻防实验产品整体解决方案撰写，市场营销策划方案撰写；,3、配合落实攻防实验产品技术架构、技术方案等；,岗位要求：,1. 熟悉网络体系结构、TCP/IP协议，具有扎实的信息安全理论知识；,2.熟悉高教、高职安全攻防实验室开发经验优先；,3. 熟练掌握防火墙、IDS、IPS、等安全设备的配置与管理；具备数据通信或安全类产品（Switch、Router、FW、IPS、WAF等）整体解决方案经验优先；,4.具备较强的逻辑分析和方案编写能力，能撰写相关的技术方案文档并向客户进行讲解和演示； 主动性强，具有良好的沟通、协调和组织能力和文档编写能力"
https://www.zhipin.com/job_detail/d0d0955d13c7d9cb1nF60t-0F1U~.html,Python,5K-8K,南宁,1年以内,本科,"1针对10-16岁小学高年级及初中生任课,2热爱科技教育事业,3可接收应届生"
https://www.zhipin.com/job_detail/208384ab2648b0cc1XF72Ni5FlQ~.html,Python,8K-16K,北京,不限,本科,"岗位职责：,负责数字联盟数据后台的开发和测试工作。,技能要求：,1. 精通 Python 开发语言，熟悉面向对象和面向过程的软件设计方法；,2. 熟悉 Linux 操作系统，熟悉 Shell 脚本编程及常用 Linux 管理命令；,3. 熟悉 MySQL 及 MongoDB 数据库应用开发；,4. 熟悉 Kafka 和 Redis 的优先考虑；,5. 具备良好的代码编程习惯及较强的文档编写能力。,素质要求：,1. 要有很强的逻辑思维能力；,2. 具备强烈的进取心、求知欲及团队合作精神，有较强的沟通及协调能力；,3. 欢迎应届生。"
https://www.zhipin.com/job_detail/d27f40a8655877d31Xx-2N2-ElY~.html,python,15K-22K,广州,3-5年,大专,"岗位职责：,1．参与高并发的后台服务系统的需求整理和开发工作,2．负责系统性能优化和改进,3．运用在分布式系统，构建能够满足产品需求的平台，系统及网络基础结构。,岗位要求：,1．熟悉Python，并具备良好的编程风格，以及能够撰写良好的技术文档；,2．深入理解和使用JSON and RESTful Web Services、RPC通信接口开发；,3．熟悉消息组件，Kafka、Mongodb、Redis的使用；,4．有除 Python 外，任一主流语言开发经验（C/C++/C#/Java/PHP/Nodejs等）；,5．熟悉Linux环境，具备三年以上的linux环境开发经验；,6．具备系统架构设计能力，有独立设计开发项目经验者优先；,7．有较强的分析问题与独立解决问题的能力，良好的沟通能力及团队合作精神；,8．有分布式系统 设计经验者优先。"
https://www.zhipin.com/job_detail/d5790234270e1f8b1X173925FVc~.html,Python,9K-18K,厦门,1-3年,本科,"爬虫工程师的职责及要求,职责：,1、	负责网页爬虫工具的开发；,2、	与数据工程师配合，进行网页数据的抽取、清洗及分析。,要求：,1、	3年以上工作经验。,2、	熟悉java或python，了解网页爬虫的技术原理；,3、	熟悉各种网络通讯协议，包括http、tcp、udp等；,4、	熟悉常用数据库的操作，例如mysql等；,5、	熟悉html及javascript，了解前端常用的开发框架和技术，可独立进行网页结构分析；,6、	了解网站主要反爬措施以及应对方法；,7、	拥有良好的编码习惯，具备独立分析和解决问题的能力，对新的知识和技术有学习热情。"
https://www.zhipin.com/job_detail/720b4fed5091a9371XF_3NS_EFs~.html,Python,15K-30K,北京,3-5年,本科,"岗位职责： ,1、负责公司内部自动化安全平台和部分产品的开发； ,2、负责对网络攻击或安全事件进行溯源分析；,3、跟踪安全漏洞和安全事件，负责开发exp和poc脚本；,4、负责最新的安全漏洞研究分析，辅助文档人员完成漏洞分析报告；,5、负责对产品代码进行安全审计分析；,职位要求： ,1、熟悉信息安全领域的技术，有相关工作经验； ,2、熟练掌握python，了解 分布式开发 框架,3、熟练使用各种数据库软件及linux操作系统，Elasticsearch优先；,4、有WAF，扫描器，入侵检测，SOC等安全产品开发经验优先,5、专业基础扎实，熟练掌握常见 web、系统安全漏洞原理和解决方案,6、具有良好的语言表达能力、文档组织能力；"
https://www.zhipin.com/job_detail/da409eac3087fc7c1HR-2tm9.html,Python,5K-10K,北京,不限,本科,用python完成产品工具软件开发，搭建基于python的后端系统。配合产品部门，造成产品工具软件的测试。
https://www.zhipin.com/job_detail/05844e0133a139121XJ83tu7GVs~.html,Python,8K-15K,西安,1-3年,本科,"岗位职责：,1. 负责产品服务器端程序设计和开发，能够提供高标准的设计要求方案；,2. 与产品负责人及组员一起，进行需求分析，整理规划。制定产品改进和优化的可操作性方案；,3. 能够快速积极解决开发中遇到的技术问题；,4. 目标导向，不断通过产品和技术数据进行改进，并完成快速迭代，满足不断增长的客户需求；,任职要求：,- 2-3年以上Python 后端开发经验，对数据结构，算法相关知识有一定的见解，有大中型项目开发经验；,- 熟悉web框架，相关接口协议，有其他编程语言能力优先考虑；,- 掌握关系数据库及 SQL 相关知识，了解基本的设计和优化原则；,- 良好的编码风格及合理的开发安排能力；,- 具有分享精神，有团队合作精神和责任感；,- 有很强的学习能力，有主动性和上进心；,- 熟悉Linux平台环境下的开发部署，掌握Linux常用命令，熟悉版本控制工具（Git）优先考虑；,- 熟悉并擅长 Django/Tornado/Flask之一，有前端开发经验；,工作地址,西安软件新城国家电子商务示范基地401"
https://www.zhipin.com/job_detail/b7fc80a2320656e01nNy3965EFA~.html,Python,10K-20K,北京,1年以内,本科,"职位职责：,1. 根据需求搜集论文进行算法调研，形成可行的算法实现文档；’,2. 根据算法文档进行算法的工程化实现；,3. 对现有算法进行维护和改进；,4. 配合售前进行技术文档中算法部分的编写工作。,职位要求：,1. 气象、遥感、地理信息系统或计算机等相关专业，硕士及以上学历，1-3年工作经验；,2. 熟悉RS、GIS基础理论，熟悉RS、GIS在相关行业的应用；,3. 熟练使用RS和GIS常用软件,如ENVI、ArcGIS、ERDAS等；,4. 熟悉IDL、Python、Matlab编程语言，有实际工程化开发经验或arcpy开发经验优先；,5. 自学能力强，有独立分析问题和解决问题能力，有环保、气象、农业、环境等行业工作经验优先。"
https://www.zhipin.com/job_detail/3e95e485004739f31XB50ty8FlA~.html,Python,4K-6K,长春,1年以内,本科,"1、编写Python代码；,2、其他领导交给的任务；,3、负责物联网应用系统开发、算法实现。,任职要求：,1.计算机科学、软件工程相关专业；,2.熟悉Java或Python，了解C/C++语 言；,3.了解linux系统以及基本的命令；,4.了解网络通信技术，了解常用的网络协议；,5.了解数据结构，有使用算法解决实际问题经验优先。"
https://www.zhipin.com/job_detail/04cae65336499c211XF_2NS9FVc~.html,Python,5K-7K,大连,1-3年,本科,"工作职责：（网络爬虫）,1. 视频网站和其它垂直领域的网站的结构化数据抓取,2. 视频网站的死链特征分析,工作要求：,1. 2年以上相关经验（可降低）,2. 熟悉网页抓取原理及技术，了解基于Cookie的网站登录原理,3. 熟练使用python、正则表达式、xpath，熟悉HTML、JavaScript、css等web端常见开发语言,4. 熟悉http和tcp协议，熟练掌握至少一种常见的抓包工具,5. 针对不同网站的反爬虫技术提出有效的应对策略，提升网页抓取的效率和质量,6. 沟通表达清晰流畅，逻辑条理清楚，思维敏捷,7. 具备优秀的责任心与团队合作能力，做事细心，有一定的钻研能力"
https://www.zhipin.com/job_detail/d0b00934094bb7de1XZ_2tu_GVY~.html,Python,20K-40K,北京,3-5年,本科,"职位描述,1.负责基于Python的多进程高并发应用开发、相关优化以及产品部署，以提升Python服务端性能为主要工作目标 ；,2.搭建高并发系统运行环境，完成系统框架和代码的实现，负责解决生产环境中的技术问题；,3.负责基于Python的相关产品规划、需求、设计、开发、测试等研发工作；,4.研究并跟踪提升服务端性能的前沿技术（基于Python）。,职位要求,1.精通Python应用开发，有较好的C/C++语言基础，有3年以上后台开发经验；,2.精通Python Web框架（Django/Tornado/Flask），精通Python分布式系统(Celery+Tornado+Supervisor)；,3.精通Mysql、Redis、Mongo等常用数据库，具有数据库开发和设计能力；,4.精通多进程多线程和异步框架、有服务端高并发经验，熟悉集群与负载均衡、消息中间件、容灾备份等技术；,5.熟悉Linux操作系统及shell编程；,6.熟悉BootStrap，熟悉HTML，CSS，JavaScript等基本前端技术；,7.有全栈开发经验或大型在线服务开发经验优先。"
https://www.zhipin.com/job_detail/cd40041c4303ddf21Xxz2tm9FFI~.html,python讲师,18K-30K,深圳,3-5年,本科,"1、3年以上Python编程经验；,2、精通Python全栈开发，精通Django Web框架；,3、深刻理解计算机原理，有良好的数据结构和算法基础；,4、熟悉面向对象程序设计方法；,5、熟练数据库表设计、SQL语法，熟练MySQL数据库；,6、熟练web前端技能, 包括html/css/javascript/jquery/boostrap；,7、熟练Linux环境开发，熟练使用SHELL命令和脚本语言；,8、熟练基于Linux应用程序的管理和配置，如Docker、Redis、GitLab、Ansible、Nginx、Zabbix、Jenkins等；,9、有Python网络爬虫相关开发经验优先；,10、具备大型网站或高并发系统开发、设计工作经验者优先。"
https://www.zhipin.com/job_detail/3515c4b6aeb77ffc1XN439u_F1Q~.html,Python,10K-15K,北京,3-5年,本科,"岗位职责：,1、完成服务端程序代码开发及代码审核,3、对所开发的功能进行测试并建立和完善开发文档,4、持续重构与维护组件保持可用性和稳定性,任职要求：,1、熟悉面向对象的设计思想，熟悉RESTful web service规范,2、精通Python语言，熟练使用Python标准库和流行的第三方库,3、熟悉Tornado/Flask/Gevent/Django等常用开发框架，至少有其中一个的最佳实践或深入研究过其源码及机制,4、熟悉TCP/IP协议及HTTP协议, 了解基本的前端技术，HTML、CSS、JS、Ajax等,熟练使用mysql，熟悉mysql的各种存储引擎，熟悉索引工作原理，有丰富的mysql性能优化经验,5、熟悉以下主流服务器端开源系统：Redis/MongoDB/RabbitMQ/Memcache/Nginx,6、对代码和设计质量有严格要求，重视Code Review，知道良好的编程习惯的标准,7、具备强烈的责任心，对工作有激情，良好的沟通能力，良好的团队合作精神，能够承受一定的工作压力。"
https://www.zhipin.com/job_detail/5856e529f6778fa81XF92dW4GVQ~.html,Python,10K-20K,上海,3-5年,本科,"工作职责：,·       基于Linux平台开发数据分析和挖掘平台,·       开发后台API和前端界面来整合和管理数据和算法方案,·       和数据科学家一起用机器学习技术分析和挖掘数据,·       建立模型并用于自动化和智能化应用,·       跟踪IT前沿技术，对架构和实现方式提供更新建议,职位要求：,·       具有良好的编程习惯和项目管理和工作习惯,·       2年以上 Python编程经验，熟练掌握常见数据结构和算法和OOP编程范式,·       熟练掌握Linux和Shell的使用，熟悉Git以及基于 Pull Request 的工作流,·       熟悉PostgreSQL 或MySQL等开源SQL数据库，了解 MongoDB 、Redis 和 HBase 等 NoSQL 技术,·       掌握常用的 Python Web 框架，如 Django，Flask 等，拥有完整的 web 后端项目经验,·       了解前端技术、有 Java、Golang、C++等静态语言编程经验的优先,·       良好的英语阅读和写作能力、强好奇心，善于自主学习和解决问题，对技术热忱，爱读书、求甚解,·       心智成熟，沟通能力强，善于团队协作,·       审美能力高于理科生平均水平优先"
https://www.zhipin.com/job_detail/1ae82297644a199a1X1_3d-1F1c~.html,python,9K-15K,杭州,不限,不限,只要你有梦想 我将会是你最好得伯乐
https://www.zhipin.com/job_detail/fd5edeeebf61776a1n170921EVY~.html,Python,3K-6K,徐州,1-3年,大专,"工作要求以及薪资具体面谈,员工福利: 奖金分红+旅游团建+五险+意外险+法定节日放假+生日会+K歌+聚餐+电影卡+汗蒸卡+足疗卡+公司有冰箱微波炉供使用+日常水果零食等,职位要求：,3. 良好的沟通能力，责任心，进取心，和合作精神；,4. 请附带作品或简历,5.会小程序开发者优先,上六休一，早9:30 晚6:30 午休12-13:30 法定节假日都放假"
https://www.zhipin.com/job_detail/e36f23e30bfee67c1XV_292_FVM~.html,Python,10K-11K,大连,1-3年,本科,"Python web开发工程师。要求，熟悉HTML5/CSS3，JavaScript,熟练掌握Python web开发，两年左右软件开发经验。"
https://www.zhipin.com/job_detail/6816be50e0bdccc71nF82tq1GVQ~.html,python,9K-18K,西安,3-5年,大专,"岗位职责：,1. 负责产品服务器端程序设计和开发，能够提供高标准的设计要求方案；,2. 与产品负责人及组员一起，进行需求分析，整理规划。制定产品改进和优化的可操作性方案；,3. 能够快速积极解决开发中遇到的技术问题；,4. 目标导向，不断通过产品和技术数据进行改进，并完成快速迭代，满足不断增长的客户需求；,任职要求：,- 2-3年以上Python 后端开发经验，对数据结构，算法相关知识有一定的见解，有大中型项目开发经验；,- 熟悉web框架，相关接口协议，有其他编程语言能力优先考虑；,- 掌握关系数据库及 SQL 相关知识，了解基本的设计和优化原则；,- 良好的编码风格及合理的开发安排能力；,- 具有分享精神，有团队合作精神和责任感；,- 有很强的学习能力，有主动性和上进心；,- 熟悉Linux平台环境下的开发部署，掌握Linux常用命令，熟悉版本控制工具（Git）优先考虑；,- 熟悉并擅长 Django/Tornado/Flask之一，有前端开发经验；"
https://www.zhipin.com/job_detail/6c8ae87a41443ca21XJz0tW1FVE~.html,Python,7K-14K,宁波,1-3年,大专,"岗位职责：,1、独立完成后台服务功能模块的设计与开发；,2、配合团队其他成员进行模块开发及整合；,3、维护所负责的服务模块，并不断持续优化功能系统；,4、确保所负责的服务模块能够达到产品要求的质量标准（响应、错误率、不间断服务指标）。,任职要求：,1、专科以上学历，精通python，熟悉django或其他web框架，2年以上python工作经验；,2、熟悉restful，oauth等框架或者技术；,3、有良好的代码编写习惯，熟悉使用git等代码管理工具；,4、有OpenSource项目经验加分；,5、独立解决问题的能力 有良好的团队工作意识 能够承担压力；,实习生也可以投递，谢谢"
https://www.zhipin.com/job_detail/5775bbbbc2d55cb61Xd53tS1Els~.html,Python,4K-8K,重庆,1-3年,大专,"1、精通python语言,2、掌握python的3个主流web框架的其中两个以上（tarnado, django,flask）,3、掌握mysql，sqlite 等主流数据库,4、掌握linux环境下的基本操作，与项目部署,5、熟练使用git，sourcetree,6、拥有良好的编程风格,7、具备较强的沟通交流和团队合作能力,8、拥有数字货币交易经验的优先考虑,9、计算机专业或2年python开发经验"
https://www.zhipin.com/job_detail/57c373d4f07b3a671Xd62tm0ElA~.html,Python,8K-15K,西安,3-5年,本科,"工作内容：,1. 负责公司Odoo系统的需求分析、设计和开发,2. 实现Odoo系统与业务涉及的三方平台的集成和开发,3. 负责公司Odoo系统新功能培训，支撑公司业务运作,4.  研究前瞻技术，优化系统方案,工作需求：,1. 3年以上Odoo(OpenERP)实施和开发经验，精通Odoo框架和Python库,2. 熟悉Python和PostgreSQL数据库,3. 熟悉JavaScript和CSS，有HTML5开发经验更佳,4.  熟悉Linux操作系统，熟悉Shell脚本语言，git等代码管理,5. 本科以上学历，计算机相关专业。有较强的自学能力、外语沟通和团队协作能力更佳"
https://www.zhipin.com/job_detail/a71f61e7187459e51XJy2t25E1Q~.html,python开发,6K-8K,大连,3-5年,本科,"三年以上的python开发经验,英语听说读写熟练,熟悉openstack者优先考虑"
https://www.zhipin.com/job_detail/17c078b132f721971nB829u8EVE~.html,Python,18K-25K,上海,3-5年,本科,"DaoCloud 对你的期望,1. 熟练掌握一门以上编程语言进行软件开发，包括 Python，GoLang，Java 等。,2. 在下面的领域，对两项以上有丰富的经验：Web 应用开发，容器技术，企业级云平台，DevOps平台，Unix/Linux 环境编程，分布式系统，网络，存储。,3. 工作责任心强，有工匠之心，能够沉下心来，誓把遇到的各种坑填干净！,4. 自我驱动，不断学习，在追求技术的路上不停歇！, ,符合以下条件者优先,1. 熟悉 DevOps 相关的工具及产品，如 DaoCloud Services，Jenkins 等,2. 有企业级产品研发经验,[专属于 DaoCloud 的企业文化] ：,大牛环绕、工程师文化浓郁的工作环境；,尊重个性的工作模式:80%工作战斗状态+20%自由时间；,鼓励开源，热衷奉献。也许下一个贴上金光闪闪的“ OSS Committer ”标签的就是你；,[专属于 DaoCloud 的员工福利] ：,1.15+5 的带薪年假，世界还那么大，你完全有时间可以去看看。,2.Dao 记俱乐部：劳逸结合身体棒棒，你的健康对我们十分重要！,3.零食饮料 + 团建聚餐：心情好或不好都可以用吃来解决一下。"
https://www.zhipin.com/job_detail/6ea4c59cd13830761XR82Nm7FVo~.html,Python,5K-8K,泉州,1-3年,本科,"岗位职责:,1.负责公司网络服务器软件的研发、调试工作；,2.负责Web应用服务后端软件的研发工作；,3.参与相关产品的功能设计,撰写设计和开发文档。,任职资格:,1.本科以上学历, 1-2年以上Python开发经验；,2.至少熟悉Python主流框架Django、Tornado、Flask中的一种；,3.能熟练掌握Mysql以及Redis等常见的数据库；,4.熟悉TCP/IP网络协议，具备网络应用编程经验，熟悉Twisted优先。,5.熟悉Linux，能够在Linux环境下完成应用开发和部署；,6.熟悉任何一种Web服务器配置和调优，熟悉Nginx者优先；,7.良好的前端代码编写习惯；,8.较强的沟通能力和团队协作能力；,9.抗压能力强，能在高压力保持良好的心态完成工作。"
https://www.zhipin.com/job_detail/34210e8e6dbff0601XF839-0FVs~.html,Python,10K-13K,广州,1-3年,大专,"数据分析建模与开发工程师,■ 岗位职责,1. 客户业务需求调研，规划业务模型，数据建模与技术模型开发；,2. 针对业务数据分析与商业目标需求，进行需求解析和数据探索、训练和设计等； ,3. 运用数据挖掘方法分析，用数据驱动商业目标实现，并检验是否达标；,4. 负责使用常用数据分析及数据挖掘算法来改进或重新设计核心步骤；,■ 任职要求,1、 统计、数学、信息技术、计算机等相关专业大专以上学历 ；,2、 掌握多种数据分析建模工具,可实现算法优化 具备R或python能力优先；,3、 熟悉SSAS数据分析模型，有丰富的数据分析、挖掘、清洗和建模经验；,4、 优秀的商业分析能力，有及时发现和分析其中隐含问题的敏锐性 ，能从复杂业务需求数据进行抽象概括，建立数学模型并。,5、 良好的团队合作精神，较强的沟通能力和理解能力；"
https://www.zhipin.com/job_detail/0b48b6cbf353bd401Xx72dm7FlA~.html,python开发,12K-16K,杭州,3-5年,大专,"三年以上python经验  沟通表达能力佳,此岗位是外派进阿里的外包岗位"
https://www.zhipin.com/job_detail/67f57d234a73243a1X1_2tq6EVM~.html,Python工程师,9K-13K,北京,1-3年,不限,"掌握Python语言，了解Flask，Django，Tornado等Web框架,l  掌握Linux/Windows下C++/Python编程知识,l  掌握图像/视频领域基础知识，了解OpenCV，FFMPEG，VLC等主流工具,l  了解深度学习/机器学习基础知识，接触过Caffe/TensorFlow/MxNet/PyTorch/Keras等框架为佳,l  了解HTTP，TCP/UDP，IP，Socket等通讯协议,l  了解C++语言，具有面向对象软件的开发经验"
https://www.zhipin.com/job_detail/9d75f7da6124a9bd1n1439S-F1U~.html,Python,6K-10K,郑州,3-5年,本科,"岗位职责:,1、负责Nginx产品的二次开发；,2、负责公司产品安装实施中的技术支持；,3、跟踪Nginx的技术发展；,4、参与产品架构设计;,岗位要求:,1. 统招本科及以上学历,3年以上工作经验;,2. 熟悉网络编程，精通TCP/IP协议，有HTTP及其他互联网应用协议编程经验;,3. 精通Unix/Linux操作系统下的Python 、C/C++项目开发;,4. 责任心强,良好的对外沟通和团队协作能力,主动,好学;,5. 对nginx源码有深入研究者优先考虑;,6. 有后台服务器开发经验优先考虑;,7. 熟悉squid/HAProxy/Bind等优先考虑"
https://www.zhipin.com/job_detail/92575d4a57e708b11Xx92N-0FFc~.html,python,15K-30K,深圳,3-5年,本科,"职责描述：,量化交易系统后台开发和维护,任职要求：,1. 计算机、电子、数学或相关专业，本科及以上学历,；,2. 熟悉Linux系统，精通Python或C/C++ 语言；,3. 良好的团队协作能力，创新能力，逻辑思维能力，沟通协调能力，快速学习能力，工作踏实勤奋。"
https://www.zhipin.com/job_detail/10c51fbe677463541Xx429i7GVQ~.html,python讲师,6K-7K,郑州,不限,本科,"【工作职责】：,1. 根据学员情况，制定学员个性化教案；,2. 按照公司要求，进行“在线1对1 ”授课；,3. 定期汇报备课情况和教学进度，积极反馈学员上课情况。, ,【任职要求】：,1. 全日制本科以上学历，计算机相关专业，能力优秀者可适当放宽，985、211院校、国外留学更佳；,2. 熟练运用Python；至少熟悉Python一个应用分支（如web，游戏，爬虫，人工智能）的编程；熟悉pygame模块优先；熟悉HTML、JS、正则表达式、XPath等，有爬虫项目经验优先。,3. 形象气质佳、普通话标准，有责任心，有亲和力，热爱教育事业、喜欢与小朋友沟通，有良好的沟通能力，较强的亲和力。"
https://www.zhipin.com/job_detail/111457b21affb44f1XFz09y6FVs~.html,python 开发,8K-16K,成都,1-3年,本科,"学历要求：统招本科毕业,技能要求：,2年以上相关开发经验,有较好的Python基础,非爬虫类的，熟悉前端，后台程序类开发，数据库相关就可以"
https://www.zhipin.com/job_detail/7aeb2dd1ab6a06cb1Xxy2dq7GFE~.html,python（西安）,5K-10K,西安,1-3年,本科,"您的工作内容：,1.进行openstack等IAAS层云计算类产品研发。,2.针对业务的场景进行二次开发。,3.支撑项目关于openstack相关的工程方面方案编写以及一线部署文档的编写。,4.研究开发新版openstack的特性。, ,我们对您的要求：,1.国家统招本科，理工类专业优先考虑； ,2.具有python开发的相关经验，对云计算类产品有过接触。,3.可以独立自主完成相关项目模块的开发。,4.编写测试以及使用手册。,5.具有open stack相关开发经验优先，具有docker类似的经验优先。, ,我们给您的提升：,1、全称参与整个项目周期、不仅局限在某一环节；,2、过程中技术大牛毫无保留的对您各方面的工作指导；,3、主流技术的实践、技术成果的沉淀、知识网面的拓宽等；, ,加入我们的理由：,1、一切从薪开始：我们提供具行业竞争力的工资,2、靠谱完善的福利待遇：七险一金+餐补+话补+交通补贴+双休+带薪年假+节日福利等都是小意思,3、不让时间浪费在路上：思特奇位于西安市高新区、紧邻地铁3号线、交通便利、多条公交线路、分分钟抵达公司,4、带你培训带你飞：定期组织外部和内部职业化和管理能力培训（部门内部培训、公司层面培训）、给予个性化的培训资助,5、透明的晋升机制：明确的晋升制度、健全的管理体系、工资和职位的提升机会就在眼前你是否已经对小公司的发展空间感到窒息？,你是否正在为储存已久的能量寻找更为广阔的平台？,别再犹豫了、生命短暂、经不起一份错误的工作、快加入我们吧！"
https://www.zhipin.com/job_detail/b1012c30ccc7a3f61XB52di0GFc~.html,Python讲师,10K-15K,东莞,3-5年,大专,"岗位职责：,1、设计、研发、完善Python课程体系；,2、依据大纲进行Python课程的讲授；,3、参与学员管理工作，保证学员学习质量；,4、按要求录制视频。,任职要求：,1、至少2年以上Python编程经验；,2、熟练运用Python语言及常用模块；,3、扎实的数学功底，线性代数，概率论，数理统计，随机过程等；,4、具备相关人工智能的开发项目经验；,5、掌握经典的机器学习理论和算法，了解行业最新动态与研究成果；,6、掌握机器学习与深度学习；,7、具有一定的独立解决问题的能力，良好的沟通与团队协作精神；,8、有数据分析、建模相关经验者优先。,工作地点：东城区莞樟路12号综合楼座四楼 公交车“东华医院”站下车,福利待遇：,1、薪酬水平高于同行业。,2、缴纳五险一金。,3、股权激励：能力、业绩优秀者可优先入股。,4、广阔的职业晋升通道，有价值就有位置。"
https://www.zhipin.com/job_detail/547f96b1f3734acb1XNy0tu0GFo~.html,Python,8K-10K,长沙,1-3年,本科,"技能要求：,MySQL，SQLServer，Web安全,岗位职责：,1.根据开发计划，设计软件模块，完成软件模块源代码编写，实现开发需求规定的功能；,2.根据开发需求，完成开发文档，提出模块设计的规划；,3.根据开发文档，制定详细的开发计划；,4.按要求完成其他相关工作。,任职要求：,1.本科或以上学历,计算机相关专业；；,2.熟悉python语言web开发，二年以上开发经验；,3.有一定的爬虫经验，解决爬虫中遇到的各种问题，实现爬取公司需要的数据；,4.有大开发项目经验，可使用python开发web项目；,5.熟悉mysql数据库开发与优化，对数据库有较强的设计能力；,6. 会使用python开发微信群聊机器人以及window桌面程序；,7.能按时完成上级分配的工作任务，具有独立处理和解决问题的能力；,8.良好的沟通能力，团队合作精神，学习能力，有责任感。"
https://www.zhipin.com/job_detail/f03a53e892f9b4f31nN_29-1GFY~.html,Python讲师,20K-35K,北京,3-5年,本科,"1. 负责Python课程体系设计和完善；,2. 负责Python课程、Linux应用、网络爬虫、数据分析、网站开发的讲授；,3. 负责Python机器学习部分的研究工作；,4. 负责机器学习的授课工作；,5. 带领学员参加实训并指导学员完成实操项目；,6. 根据学生及市场需要，高质量完成授课任务；,7. 结合技术发展的发展变化，实时改进教学方法，完善教学体系；,8. 完成课程辅导工作，解答学员课程疑问，保证学员的学习质量；,9. 参与教学项目案例研发工作，配合完成相关的教学资料的研发工作；,10. 根据学校教学发展方向对课程体系进行研讨；,11. 团队安排的其它相关工作。,职位要求：,1. 大专或以上学历，计算机相关专业，扎实的计算机基本功及数学基础，品行端正，无不良嗜好，不抽烟饮酒；,2. 熟练掌握Python语言，熟练使用第三方框架，不低于2年实际开发经验，独立完成过复杂的开发项目；,3. 熟悉Linux开发环境；,4. 熟练掌握WEB开发技术；,5.  熟练掌握大数据相关算法与数据结构；,6. 理解框架的设计思想及实现，具有良好的代码风格、接口设计与程序架构；,7. 2年（含）以上对于Hadoop、Hive、Impala, Hbase、Spark、Sqoop有实际的编码能力和海量数据的自动化分析处理项目经验；,8.  熟悉主流分布式处理框架，基于Hadoop的数据挖掘、大数据组件开发和封装；,9.  熟练掌握Python编程语言与机器学习框架，熟悉常见机器学习算法(如逻辑回归、SVM、神经网络、决策树、贝叶斯等)；,10. 熟悉至少一种深度学习训练工具(Caffe/Theano/Keras/ConvNet/TensorFlow/Torch等)；,11. 有较强的责任心和工作热情，能够以学校为中心、以学生为重，有一定的抗压能力；,12. 立志在教育培训行业体现自身能力和价值，勇于探索乐于奉献，具有较高的职业道德；,13. 有一定教学经验及相关课程开发经验者优先。"
https://www.zhipin.com/job_detail/4d5f7b4a1744624c1Xx72dm6FFQ~.html,Python讲师,18K-30K,上海,3-5年,大专,"一：岗位职责：,1、负责Python课程体系设计和完善；,2、负责Python课程爬虫、数据分析、网站开发的讲授；,3、完成领导交办的其它工作。,任职要求：,1. 至少2年以上Python编程经验；,2. 熟练运用Python语言及常用模块；,3. 熟练django等常用开发框架；,4. 熟练Mysql, oracle数据库中任何一种；,5. 熟练HTTP, Javascript, HTML。,6.熟练树莓派设备python开发,7.熟练python机器学习实战,8.精通Linux下Shell、Python两种脚本语言；,9.精通基于Linux应用程序的管理和配置，如Tomcat、Redis、Zookeeper、Jdk、Nginx、LVS、FastDFS、GFS等"
https://www.zhipin.com/job_detail/b35ef5af213c8faa1n1y0tW5EVE~.html,Python,8K-16K,南京,1年以内,硕士,"软件工程师（计划招聘一人）,研究生一名,岗位职责:,1、负责图像模式识别相关的算法模块的研发、优化、测试工作；,2、利用深度学习算法进行大规模数据训练；,3、对算法模块产品化进行必要支持，包括开发相关算法演示及测试工具，并与应用层开发人员进行必要沟通。,岗位要求:,1、图像处理、模式识别相关专业背景；,2、熟悉深度学习原理和基本模型，熟练使用 TensorFlow，MxNext，Caffe 或其他常用深度学习工具，并能够灵活的解决实际问题；,3、熟练掌握图像处理、模式识别领域基本算法，熟练应用OpenCV相关的图像、视频库；,4、熟练掌握C/C++和脚本语言编程(如Shell, Python等），熟悉GPU编程、熟悉GPU算法优化者优先；,5、英文科技文献阅读无障碍，具备良好的沟通协调能力和团队合作精神。,学历要求：,清华北大  985或者211毕业,专业方向：,计算机、自动化、电子、数学等相关专业，硕士及以上学历,薪资待遇：,面谈"
https://www.zhipin.com/job_detail/f8761529e591c7e81Xd-2Nu-E1E~.html,Python,5K-8K,昆明,1-3年,本科,"岗位职责,1、在上级的领导和监督下定期完成量化的工作要求，并能独立处理和解决所负责的任务；,2、从事Python软件开发（web开发方向）和软件设计等工作, 负责公司Python项目的架构设计、开发和优化工作；,3、参与应用设计与方案讨论；,4、设计网站系统架构，代码重构；,5、开发、定制、调试、优化系统软件；,6、分析系统瓶颈，解决工程中的难题；,7、根据开发进度和任务分配，完成相应模块软件的设计、开发、编程任务；,8、进行程序单元、功能的测试，查出软件存在的缺陷并解决；,9、完成与项目相关的文档编写。, ,任职资格,1、计算机相关专业、本科及以上学历；,2、熟悉Python语言、掌握或了解Django、Flask、webpy等Web框架；,3、熟悉算法和数据结构，能对Python代码执行效率有较强的优化能力；,3、熟悉SQL，熟悉Oracle、DB2、SQLSERVER、MySQL数据库应用开发中至少一个；,6、熟悉其他后端语言（go、php、java、C#等）或参与主导过开源项目者优先；,4、熟悉Linux系统，以及常用的应用服务：Apache，Nginx部署；熟悉单元测试方法，掌握测试工具使用；有人工智能、数据挖掘、爬虫程序开发经验者优先；,5、做事严谨踏实，责任心强，条理清楚，善于学习总结，有良好的团队合作精神和沟通协调能力。"
https://www.zhipin.com/job_detail/69f18f05a8dc8c641nN-3tm_GVs~.html,Python,6K-12K,清远,1-3年,大专,"岗位职责：,1.根据产品需求，按时完成后端相关任务的设计与开发； ,2.与前端开发人员合作，完成系统前、后端通信的API设计和开发实现,3.配合其他研发人员完成项目的开发、调试及上线维护等工作； ,4.负责所属模块技术文档的编写及维护。 ,任职要求： ,1.大专以上学历、计算机相关专业毕业，1-3年python后台开发经验；,2.精通Python语言，熟悉Tornado开发框架；,3.熟悉Linux常见命令，熟悉Git常见操作；,4.熟悉MongoDB数据库，熟悉Redis缓存、了解SSDB数据库加分；,5.具有较强的架构能力，具备服务器性能及代码性能优化能力，具备高并发流量下的请求处理经验。"
https://www.zhipin.com/job_detail/d4ce2bf5f69e2b231XN82Nq_GFE~.html,python工程师,15K-20K,北京,3-5年,大专,"岗位要求（有块储存经验优先）,1.熟悉Python/Shell/Perl等脚本语言，2年以上开发测试经验,2.熟悉操作系统、存储、网络等计算机专业知识,3.熟悉linux环境下的存储和网络等问题的调查和诊断，熟练使用相关linux系统工具,4.有分布式存储和开源系统（如ceph, openstack等）测试开发和运维经验者优先"
https://www.zhipin.com/job_detail/677c77a1d33da8271X162ti-EVY~.html,python开发,10K-20K,西安,5-10年,本科,"python开发岗位要求：,1、2年以上Python开发经验，两年以上Python服务端开发经验；,2、熟悉MVC框架，熟练掌握Python web开发框架，精通Django或者其他Python web开发框架者优先；,3、具备数据库设计能力，精通掌握MySQL者优先；,4、熟悉Linux/Unix操作系统、常用工具和shell命令，熟悉Apache、Tomcat\Ngnix等web server的部署和应用,【岗位职责】,1、负责需求开发,2、定位现网问题，并提供解决方案,python自动化测试岗位要求：,1、有系统软件测试经验优先；,2、至少2年以上liunx环境下测试经验；,3、能独立编写python自动化测试脚本或者shell脚本；,4、有公有云经验优先考虑；"
https://www.zhipin.com/job_detail/2d16912eea758c1d1XF92Nm7GFo~.html,python,12K-20K,广州,3-5年,大专,"岗位职责：,1．参与高并发的后台服务系统的需求整理和开发工作,2．负责系统性能优化和改进,3．运用在分布式系统，构建能够满足产品需求的平台，系统及网络基础结构,4. 完成功能模块的设计、开发、测试、文档编写等工作,岗位要求：,1．熟悉Python，并具备良好的编程风格，以及能够撰写良好的技术文档；,2．深入理解和使用JSON and RESTful Web Services接口开发；,3．熟悉消息组件，Kafka、Mongodb、Redis的使用；,4．有除 Python 外，任一主流语言开发经验（C/C++/C#/Java/PHP/Nodejs等）；,5. 3年以上python web框架(Django或Tornado)开发经验,5．熟悉Linux环境，具备三年以上的linux环境开发经验；,6．具备系统架构设计能力，有独立设计开发项目经验者优先；,7．有较强的分析问题与独立解决问题的能力，良好的沟通能力及团队合作精神；,8．有分布式系统 设计经验者优先。"
https://www.zhipin.com/job_detail/141108d7c031e79f1nx-0tq9EVc~.html,Python,15K-25K,武汉,1-3年,本科,"##工作内容,1.参与公司产品的后端系统业务代码的设计与编写；,2.构建公司的后端基础设施和服务架构；,3.参与公司重要产品的技术决策和技术选型。,#任职要求：,1.熟悉Python，ruby编程语言，熟悉后端开发的相关领域知识；,2.拥有2年以上后端领域研发经验，1年以上使用Python，ruby进行后端程序研发的经验；,3.熟练使用*nix类系统；,4.熟练MySQL、Redis、Django、celery、rails、sidekiq等一些重要组件的小伙伴加分；,5.有大型系统维护经验的小伙伴加分，熟悉开发流程的小伙伴加分；,6.2年相关工作经验，一本院校毕业生。"
https://www.zhipin.com/job_detail/c812c637751891d11XJ93dS-FVU~.html,Python工程师,15K-25K,杭州,3-5年,大专,"负责大型测试平台的开发工作,1、本科及以上学历，3年以上python开发经验,2、 两年以上Python开发经验，熟练使用PyQT，熟悉flask/django框架，熟练使用GIT等代码管理工具；,3. 熟悉Linux操作系统，MySQL、Sqlite数据库； ,4.有钻研问题并解决问题的兴趣和毅力，有较强的自学能力和技术攻关能力； ,5. 有团队合作精神，善于理解和沟通；,我们的优势和福利：,1、规模大、业务机会多、团队稳定,2、技术大平台，只要你愿意思考、愿意学习、愿意努力，就可以成长为技术大牛,3、移动端线上考勤，上下班打卡更加灵活,4、面试方式灵活，我们为全国各地的候选人提供电话面试/视频面试等在线终面模式，节省时间、提升效率,​5、带薪年休假、基本的五险一金+商业保险、生日会、节假日礼品、日常员工关怀、加班餐补交通补、年度体检等,6、调薪时间灵活，不以年度某固定时间作为节点，而是根据员工入职时间、调岗调级时间等作为参考,      我们在全国非常多的城市有业务开展和办事处（部分城市设立了研发中心），可以为员工提供城市变动时的工作内部调转机会、也可以灵活为员工在不同城市进行社保缴纳。在外包业务方面，我们合作的客户非常多、且他们都是行业内的佼佼者，运用的技术也是行业里相对比较新的。目前杭州区域的优质客户也非常愿意为优秀的同学提供转入的机会。"
https://www.zhipin.com/job_detail/7a4c87430b466eb81X1-2t24F1o~.html,Python,6K-8K,洛阳,3-5年,本科,会在公链上开发程序，熟悉ETH.EOS.TRX开发规则
https://www.zhipin.com/job_detail/bd119a57b153adee1XF52tS4FVE~.html,Python,4K-8K,青岛,1-3年,本科,"岗位职责： ,1.负责设计和开发分布式网络爬虫系统，进行多平台信息的抓取和分析工作； ,2.负责网页信息和APP数据抽取、清洗、消重等工作，提升平台的抓取效率； ,3.参与爬虫核心算法和策略优化，熟悉采集系统的调度策略； ,4.实时监控爬虫的进度和警报反馈； ,任职要求： ,1.掌握Python语言； ,2.了解多线程、多进程、网络通信编程相关知识，有分布式爬虫架构，数据挖掘经验； ,3.掌握网页抓取原理及技术，了解基于Cookie的登录原理，熟悉基于正则表达式、XPath、CSS等网页信息抽取技术； ,4.熟悉APP模拟及接口验签破解技术，了解APP用户授权访问机制，掌握Selenium，APP破解技术优先； ,5.做过数据处理、ETL等相关工作优先"
https://www.zhipin.com/job_detail/40780f3e3208d23e1nJ62tm1E1A~.html,python讲师,15K-25K,杭州,3-5年,大专,"岗位职责：,1、负责Python课程体系设计和完善；,2、负责Python课程爬虫、数据分析、网站开发的讲授；,3、完成领导交办的其它工作。,任职要求：,1. 至少2年以上Python编程经验；,2. 熟练运用Python语言及常用模块；,3. 熟练django等常用开发框架；,4. 熟练Mysql, oracle数据库中任何一种；,5. 熟练HTTP, Javascript, HTML。,6.熟练树莓派设备python开发,7.熟练python机器学习实战,8.精通Linux下Shell、Python两种脚本语言；,9.精通基于Linux应用程序的管理和配置，如Tomcat、Redis、Zookeeper、Jdk、Nginx、LVS、FastDFS、GFS等"
https://www.zhipin.com/job_detail/fc5d8d111ee5ef951XV83tW1FlU~.html,python开发,8K-12K,西安,1-3年,本科,"急招Python开发：,1、2年以上 Python开发经验，熟悉其他开发语言（如java等）优先；,2、熟悉华为云服务、有相关项目开发经验优先；,3、有部署经验优先令。,统招二本学历起。"
https://www.zhipin.com/job_detail/01a3f4059c7d261d1XBy2ti1FFU~.html,Python,12K-24K,上海,3-5年,本科,"岗位职责：,1.      精通客户端或后台软件开发；,2.      能够独立进行架构设计及编码，并进行产品上架或交付；,3.      源代码. 文档及质量管理能力。,任职资格,1.      计算机相关专业背景，本科及以上学历；,2.      精通如下某一领域：Android/iOS/小程序/公众号，服务器后台及SQL；,3.      乐于学习新知识和团队合作；,4.      需要2年以上python开发经验。"
https://www.zhipin.com/job_detail/b13ab12ad700cc961XB42ti5Fls~.html,Python,46K-47K,宁波,1年以内,本科,股票，期货软件，深度开发，根据多指标自动化学习，交易
https://www.zhipin.com/job_detail/7460dc4236625b7f1XV_3N-_E1I~.html,Python,15K-25K,北京,3-5年,本科,"工作职责：,1. 负责项目的架构设计，架构原型实现及核心模块的开发工作 ，技术难题攻关 ;,2. 负责业务架构设计，性能优化，资源优化；,3. 负责高并发系统的设计和优化，以及核心代码的编写。, ,任职要求：, 1. 3-5年Python实战经验、精通Python，以及以下任意一种语言，php、c、c++、java；,2. 精通MySQL及性能优化；,3. 熟悉Nginx, Redis, Memcached 等基础组件；熟悉源码和模块开发者优先；,4. 熟悉Flask/django/tornado等python框架，有大开发项目经验优先；,5. 拥有优秀的分析及解决问题的能力；沟通能力强；做事踏实；能够承担比较有挑战性的工作；,6. 带过团队的优先，投递简历请附上GitHub地址,7.一本院校、计算机专业；,8.211、985院校优先。"
https://www.zhipin.com/job_detail/e6a299c6d241a8b21X1539W6FlY~.html,Python,4K-5K,青岛,1年以内,大专,"实习老师招收要求：,需要：专科及专科以上，应届毕业生,面对：幼教学院、信息学院、艺术学院、商学院招收。,实习老师要求：,1、口齿伶俐，思维逻辑表达清晰。形象气质良好面容整洁为人处世大方。上进心执行力强，创造力想象力活跃，对他人亲和有耐心责任心。必须是热爱少儿教育事业者。,2、喜爱擅长绘画(手绘、电脑绘画掌握优先，熟练掌握ps、sai等）、设计，或者理科类（机器人、乐高搭建等）、信息类（c++、python，scratch即可）会其一即可。,3、辅助现任老师上课，后期可带班，入职后会有培训。,工作时间：单双轮休，上午：9:00—下午5:30。中午有90分钟午休时间。,薪资待遇：面议"
https://www.zhipin.com/job_detail/4daef74411a4e6ca1XB609S4EVQ~.html,python工程师,14K-22K,杭州,3-5年,本科,"1.  全日制本科及以上以上学历，计算机相关专业，基础知识扎实；,  2.  2年以上Python开发经验，服务端方向或运维开发方向均可；,  3.  熟悉Python常见类库，至少熟悉一种Python Web开发框架,  4.  自学能力强，擅长独立解决复杂问题；,  5.  有运维开发经验者优先,  6.  熟悉MySQL、Redis、Zookeeper、Kafaka、Hadoop等常用中间件运维者优先"
https://www.zhipin.com/job_detail/ad737b8831f7aa381X1509W_EFs~.html,Python,8K-10K,成都,不限,本科,岗位职责:1、完成大型应用项目的需求整理和软件设计；2、按照项目计划，按时提交高质量代码，完成开发任务；3、规范文档的编写、维护，以及其他与项目相关工作。任职要求:1、5年以上统的分析、设计研发经验；2、熟悉UML建模语言以及相关Case工具，如Power Designer、Rose等；3、熟悉主流数据库、操作系统和设计模式；4、具有扎实的理论基础，具有良好的文字和语言表达能力；5、工作认真、踏实，沟通能力和团队协作精神，能承受工作压力；6、熟悉C/C#/JAVA/Python等一系列语言。
https://www.zhipin.com/job_detail/aeaa6b56e6ee433f1Xx52tq5EFs~.html,python,10K-15K,南京,3-5年,本科,rest，python开发经验者三年以上
https://www.zhipin.com/job_detail/175602ae2ad33b3b1XVy09S8GFI~.html,Python,10K-13K,东莞,1-3年,本科,"工作职责,    1. 负责公司网站的WEB后端和机器人后端框架层及业务层的实现,    2. 负责web后端和机器人后端的相关文档编写,    3. 负责公司应用设计、功能实现并进行测试，部署及维护,    ,    任职要求,    1. 计算机或相关专业本科及以上学历，有扎实的计算机基础知识,    2. 两年以上服务器端开发经验，熟悉Linux环境下的开发,    3. 熟悉Python语言，熟练掌握Django、Web.py、Tornado、Flask等至少1个Web开发框架，了解Tornado框架,    4. 动手搭建过实际上线的产品环境，如Apache,Nginx,    5. 熟悉多线程编程,    6. 熟悉Javascript / HTML / XML / JSON / HTML5 / JQuery,    7. 熟悉SQL语言，熟悉MySQL或者Oracle,    8. 有MongoDB、Redis、Memcached经验者优先,    ,    优先条件,    1. 有过完整的项目开发经验，并有在运行项目的优先,    2. 有一定前端设计能力者优先能快速阅读英文文献、论文,    3. 有用Python技术做过相关的机器人项目"
https://www.zhipin.com/job_detail/7a6fd167c9b4ba0f1XFy3tm_EFM~.html,Python,6K-8K,泉州,3-5年,本科,有三年以上丰富的软件开发经验，尽职尽责，上进好学！
https://www.zhipin.com/job_detail/6b6a7cdc8b1051931Xx82d6-F1I~.html,Python,9K-12K,天津,1年以内,大专,"1.负责数据项目的数据采集。,2.负责数据采集模块的维护和需求变更。,3.负责数据项目的集群维护等。"
https://www.zhipin.com/job_detail/2e0f7fc7878e47ef1Xxy2tm1GVU~.html,python讲师,15K-25K,北京,3-5年,大专,"岗位职责：,1、按照教学大纲、教学进度，高质量地完成Python学科的日常授课任务；,2、负责学生答疑，帮助学员解决学习过程中的问题，并负责组织和实施学员内部测试；,3、教学研发工作，主要负责教学大纲、教学PPT、教学案例、教学用书等研发工作；,4、负责组织公司的内训，不断学习新技术。,任职资格：,1、统招大专以上学历，计算机相关专业；,2、拥有三年以上开发经验，有扎实的Python基础，Linux基础；,3、熟练使用Django、Tornado、Flask等主流web框架；,4、熟练使用html/css/javascript 等前端技术（熟悉Vue框架优先）；,5、熟悉scrapy爬虫框架；,6、有数据挖掘、机器学习相关能力者优先；,7、思路清晰、有较强的语言表达能力。,（西二旗和沙河高教园地铁站有班车接送）"
https://www.zhipin.com/job_detail/e6db2860a83592551XF_0tS_FVI~.html,python老师,7K-8K,长沙,不限,本科,"工作职责：,1. 根据学员情况，制定学员个性化教案；,2. 按照公司要求，进行“在线 1 对 1 ”授课；,3. 定期汇报备课情况和教学进度，积极反馈学员上课情况。,任职要求,1. 全日制本科以上学历，理工专业,2.具备模块化编程语言能力或潜力，至少了解一门编程语言，如 Python、JAVA、JavaScript、,C、C++、C#等；"
https://www.zhipin.com/job_detail/a4029524532372511Xx73Ni8F1U~.html,python开发,9K-17K,西安,3-5年,本科,"python开发两年以上, ,福利：试用期即缴纳五险一金+绩效奖金+节日福利+定期员工活动+节假日+弹性上班时间+加班餐补（交通补助）+十多条班车线路,还等什么，赶紧给我甩简历吧！！"
https://www.zhipin.com/job_detail/1c039d0062b02d361XB53dy0Flo~.html,Python,10K-15K,郑州,3-5年,大专,"技术要求：,1.5年以上 Python开发工作经验；熟悉scala语言。,2.具备 Python 运维平台开发经验，熟悉 Django/Tornado/Flask 等开发框架；,3.有消息队列，hbase，zookeeper，spark-streaming等二次开发相关经验者优先,4.对实时计算，大数据仓储有经验或浓厚兴趣者,5.熟悉常见运维配置工具，例如 Git/Saltstack/Ansible 等；,6.熟悉数据结构和算法，熟悉数据挖掘算法,7.对机器学习有一定的心得"
https://www.zhipin.com/job_detail/0dcf954bcefb701d1n162Ni8EFQ~.html,Python讲师（深圳）,15K-30K,深圳,3-5年,大专,"一：岗位职责：,1、负责Python课程体系设计和完善；,2、负责Python课程的讲授；,3、完成领导交办的其它工作。,任职要求：,1. 至少2年以上Python编程经验；,2. 熟练运用Python语言及常用模块；,3. 熟悉django等常用开发框架；,4. 熟悉Mysql, oracle数据库中任何一种；,5. 熟悉HTTP, Javascript, HTML。,6.熟悉树莓派设备python开发,7.熟悉python机器学习实战,8.精通Linux下Shell、Python两种脚本语言；,9.精通基于Linux应用程序的管理和配置，如Tomcat、Redis、Zookeeper、Jdk、Nginx、LVS、FastDFS、GFS等；"
https://www.zhipin.com/job_detail/8ed8dee5aff34d441n1y3N-1FlE~.html,Python,6K-9K,重庆,1-3年,本科,"初级后端工程师,岗位职责,1. 负责实现设计师给与的开发工作；,2. 与其它团队开发人员一起合作, 对需求进行开发； ,3. 负责开发文档维护整理以及代码注释完善； ,4. 负责搜集爬取数据,5. 具有良好的团队合作意识，能积极主动的进行顺畅的交流,7. 具有良好的承压能力, 对于新技术感兴趣, 能在指导下快速提升python语言能力, 并且在2周内学会golang,补充说明,1.本科及以上学历，计算机等相关专业；,2. 熟悉python(最好是python3),3. 了解基于django的后台开发， 具有线上项目开发维护的尤佳,4. 了解基于mysql的数据库基本使用(增, 删, 查, 改),5. 了解基于redis mongodb的nosql, 有上手经验,6. 会golang的优先考虑,7. 会使用python进行数据爬取(request获取解析和Selenium 模拟浏览器方式都需要会使用),8. 优秀应届毕业生亦可"
https://www.zhipin.com/job_detail/f98879a9a1a7e13d1X152925EVA~.html,Python工程师,20K-34K,上海,5-10年,本科,"Core Accountabilities,1、Join a team of driven software engineers to design, prototype, implement, deploy, and maintain features for our NLP or search related projects.,2、Conduct experiments on large datasets to evaluate the feasibility, results, and performance of NLP technology,3、Make sound engineering decisions and improve software development practices with an eye for performance and reliability,Education,BS degree or equivalent practical experience in a quantitative field, preferably computer science, statistics, or mathematics.,Experience,1、Experience with data science libs like numpy, pandas, matplotlib.,2、Experience with machine learning libs like gensim, scikit-learn, xgboost,3、Experience with other machine learning topics like recommendation system,4、Experience with Linux is a plus.,5、Working knowledge of Java or C#.,6、Experience with deep learning framework like Tensorflow.,7、Experience with distributed computing technology like Hadoop, Hive, Pig or Spark.,8、Experience with Solr, Elastic Search or any other search engine."
https://www.zhipin.com/job_detail/643436e4ac0dfc5b1Xx-3ty8EVE~.html,python,10K-15K,南京,3-5年,本科,"1、计算机或相关专业的毕业生，有实际项目工作经验者优先；,2、熟悉linux系统，具有基本的Linux操作能力；,3、熟悉linux/c语言开发和调试；,4、熟悉mysql数据库，能熟练使用SQL语言；,5、熟练使用python语言；有Shell脚本、爬虫类项目经验者优先；,6、责任心强，主动、好学; 具备良好的分析解决问题能力，能独立承担任务"
https://www.zhipin.com/job_detail/5b309f170d4960d91XR_2d61E1Q~.html,Python教学讲师,11K-15K,杭州,不限,大专,"岗位职责：,1、主要负责讲授青少年编程课程；,2、按照公司制定的教学计划，高质量完成教学任务；,3、负责班级日常管理和维护工作；,4、负责学生辅导和教学答疑等工作；,5、参与优化和创新教学课程体系；,6、配合其他部门完成相关工作。,7、python新讲师培训；,8、教学品质督查,任职要求：,1、大专及以上学历，两年以上工作经验优先；,2、掌握python语法基础，数据结构和算法；,3、热爱教育事业，有良好的敬业心；,4、能主动与学生沟通，关心学生，并督促学生认真学习；,5、普通话标准，语言表达能力强，逻辑思维清晰，具有优秀的沟通技巧；,工作地点：杭州市滨江区闻涛路星光时代807-808"
https://www.zhipin.com/job_detail/c40994d6bccbcf231Xx429q1FFc~.html,python讲师,6K-10K,武汉,不限,本科,"【工作职责】：,1. 根据学员情况，制定学员个性化教案；,2. 按照公司要求，进行“在线1对1 ”授课；,3. 定期汇报备课情况和教学进度，积极反馈学员上课情况。, ,【任职要求】：,1. 全日制本科以上学历，计算机相关专业，能力优秀者可适当放宽，985、211院校、国外留学更佳；,2. 熟练运用Python；至少熟悉Python一个应用分支（如web，游戏，爬虫，人工智能）的编程；熟悉pygame模块优先；熟悉HTML、JS、正则表达式、XPath等，有爬虫项目经验优先。,3. 形象气质佳、普通话标准，有责任心，有亲和力，热爱教育事业、喜欢与小朋友沟通，有良好的沟通能力，较强的亲和力。"
https://www.zhipin.com/job_detail/4a7c78e770d10a651nV82tS4FlE~.html,Python,6K-8K,厦门,不限,不限,服务器开发
